Sample	Mapping speed, Million of reads per hour	Number of input reads	Average input read length	Uniquely mapped reads number	Uniquely mapped reads %	Average mapped length	Number of splices: Total	Number of splices: Annotated (sjdb)	Number of splices: GT/AG	Number of splices: GC/AG	Number of splices: AT/AC	Number of splices: Non-canonical	Mismatch rate per base, %	Deletion rate per base	Deletion average length	Insertion rate per base	Insertion average length	Number of reads mapped to multiple loci	% of reads mapped to multiple loci	Number of reads mapped to too many loci	% of reads mapped to too many loci	% of reads unmapped: too many mismatches	% of reads unmapped: too short	% of reads unmapped: other	Number of chimeric reads	% of chimeric reads
s145-c43.1-5.000-HFJTMBBXX-l3	166.08	12317800.0	50.0	9544754.0	77.49	49.84	1887596.0	1875136.0	1873129.0	11332.0	1385.0	1750.0	0.14	0.01	1.34	0.0	1.2	2110730.0	17.14	30580.0	0.25	0.0	5.04	0.09	0.0	0.0
s193-c63.1-1.250-HFJTMBBXX-l4	74.24	17281885.0	50.0	13854681.0	80.17	49.84	2462438.0	2438279.0	2441652.0	16023.0	1856.0	2907.0	0.13	0.0	1.42	0.0	1.22	2637719.0	15.26	53280.0	0.31	0.0	4.14	0.12	0.0	0.0
s203-c73.1-1.250-HCMJNBBXX-l5	80.55	15840872.0	50.0	12530967.0	79.11	49.84	2331094.0	2313064.0	2311050.0	15409.0	2132.0	2503.0	0.14	0.01	1.43	0.0	1.2	2736586.0	17.28	40618.0	0.26	0.0	3.27	0.09	0.0	0.0
s137-c38-0.625-HFJTMBBXX-l2	235.82	39630245.0	50.0	31170860.0	78.65	49.84	5369341.0	5319405.0	5322771.0	35818.0	4755.0	5997.0	0.12	0.0	1.4	0.0	1.21	6102388.0	15.4	100917.0	0.25	0.0	5.57	0.12	0.0	0.0
s165-c51-5.000-HCN2JBBXX-l6	9.61	5200973.0	50.0	4072699.0	78.31	49.82	993987.0	990576.0	990129.0	2789.0	313.0	756.0	0.13	0.0	1.45	0.0	1.29	832500.0	16.01	10703.0	0.21	0.0	5.43	0.05	0.0	0.0
s082-c17.1-0.625-HFJYFBBXX-l2	416.1	15950515.0	50.0	7535703.0	47.24	49.9	1405579.0	1391237.0	1394169.0	8915.0	1132.0	1363.0	0.11	0.0	1.29	0.0	1.24	3162790.0	19.83	56969.0	0.36	0.0	32.49	0.08	0.0	0.0
s151-c45-0.000-HFJTMBBXX-l3	286.55	13292759.0	50.0	11362456.0	85.48	49.83	1995660.0	1982234.0	1978812.0	12936.0	1822.0	2090.0	0.12	0.0	1.44	0.0	1.21	1566210.0	11.78	25890.0	0.19	0.0	2.43	0.11	0.0	0.0
s035-c39.1-5.000-HCHFWBBXX-l3	122.43	19554818.0	50.0	15425844.0	78.89	49.84	3108717.0	3089244.0	3082694.0	20603.0	2401.0	3019.0	0.16	0.0	1.36	0.0	1.21	3880963.0	19.85	44544.0	0.23	0.0	0.98	0.07	0.0	0.0
s074-c11.1-2.500-HCHFWBBXX-l5	123.22	13965412.0	50.0	42225.0	0.3	49.72	7494.0	7412.0	7405.0	69.0	11.0	9.0	0.23	0.01	1.38	0.0	1.12	56432.0	0.4	635.0	0.0	0.0	99.29	0.0	0.0	0.0
s154-c45-2.500-HFJTMBBXX-l3	115.01	19488541.0	50.0	14739069.0	75.63	49.83	2833290.0	2816003.0	2813164.0	15466.0	2242.0	2418.0	0.13	0.0	1.32	0.0	1.19	3462077.0	17.76	48165.0	0.25	0.0	6.29	0.07	0.0	0.0
s084-c17.1-2.500-HFJYFBBXX-l2	176.79	18022728.0	50.0	6518072.0	36.17	49.9	1419990.0	1408023.0	1409358.0	8348.0	1147.0	1137.0	0.11	0.0	1.22	0.0	1.28	2737968.0	15.19	28403.0	0.16	0.0	48.45	0.04	0.0	0.0
s060-c32-5.000-HCHFWBBXX-l4	46.97	4501066.0	50.0	3080788.0	68.45	49.88	731528.0	727567.0	726541.0	4044.0	489.0	454.0	0.12	0.0	1.47	0.0	1.32	911263.0	20.25	10644.0	0.24	0.0	11.02	0.05	0.0	0.0
s087-c18-0.625-HFJYFBBXX-l2	199.09	28148734.0	50.0	18597738.0	66.07	49.9	3387281.0	3345546.0	3356542.0	24190.0	2868.0	3681.0	0.11	0.0	1.44	0.0	1.28	3320129.0	11.79	55042.0	0.2	0.0	21.82	0.12	0.0	0.0
s072-c11.1-0.625-HCHFWBBXX-l5	134.93	14393012.0	50.0	11951048.0	83.03	49.89	2224619.0	2201671.0	2203661.0	16902.0	1726.0	2330.0	0.13	0.0	1.42	0.0	1.31	1791097.0	12.44	29434.0	0.2	0.0	4.19	0.13	0.0	0.0
s125-c35-5.000-HCMJNBBXX-l3	133.93	30469913.0	50.0	22633181.0	74.28	49.86	4602124.0	4573006.0	4565958.0	27928.0	3802.0	4436.0	0.17	0.0	1.42	0.0	1.22	6153217.0	20.19	82500.0	0.27	0.0	5.18	0.07	0.0	0.0
s147-c44-0.625-HCN2JBBXX-l5	40.83	12293187.0	50.0	10134616.0	82.44	49.83	1715329.0	1697373.0	1699863.0	11902.0	1485.0	2079.0	0.13	0.0	1.39	0.0	1.21	1436600.0	11.69	59286.0	0.48	0.0	5.24	0.15	0.0	0.0
s100-c22-5.000-HFJYFBBXX-l2	228.81	12139749.0	50.0	6576593.0	54.17	49.9	1467035.0	1456550.0	1456350.0	8397.0	1274.0	1014.0	0.11	0.0	1.37	0.0	1.25	2094003.0	17.25	26115.0	0.22	0.0	28.31	0.05	0.0	0.0
s114-c31.1-2.500-HCHFWBBXX-l6	462.04	24385581.0	50.0	18588367.0	76.23	49.84	3565035.0	3539811.0	3538968.0	20270.0	2504.0	3293.0	0.14	0.01	1.35	0.0	1.21	3948734.0	16.19	59125.0	0.24	0.0	7.25	0.09	0.0	0.0
s090-c18-5.000-HCMJNBBXX-l2	71.11	9816980.0	50.0	7124660.0	72.57	49.92	1645820.0	1633317.0	1633512.0	9997.0	1256.0	1055.0	0.11	0.0	1.36	0.0	1.25	2132017.0	21.72	26121.0	0.27	0.0	5.38	0.06	0.0	0.0
s002-c64-0.625-HCGYCBBXX-l5	121.27	20716198.0	50.0	17364704.0	83.82	49.86	3141590.0	3112114.0	3116257.0	19880.0	2335.0	3118.0	0.19	0.0	1.44	0.0	1.22	3099343.0	14.96	80428.0	0.39	0.0	0.69	0.14	0.0	0.0
s229-c58.2-2.500-HFWGVBBXX-l3	230.87	38927081.0	50.0	29432564.0	75.61	49.83	6060047.0	6022467.0	6013085.0	37162.0	4089.0	5711.0	0.13	0.0	1.26	0.0	1.2	7063015.0	18.14	84239.0	0.22	0.0	5.97	0.06	0.0	0.0
s061-c25.1-0.000-HCHFWBBXX-l5	177.6	23284962.0	50.0	20599924.0	88.47	49.88	3604416.0	3578129.0	3571434.0	26408.0	3006.0	3568.0	0.13	0.0	1.42	0.0	1.22	2456163.0	10.55	39889.0	0.17	0.0	0.69	0.12	0.0	0.0
s221-c52.2-0.000-HCMJNBBXX-l6	124.46	28625948.0	50.0	24685708.0	86.24	49.83	4466921.0	4437295.0	4429284.0	29136.0	3705.0	4796.0	0.12	0.0	1.47	0.0	1.21	3266825.0	11.41	56417.0	0.2	0.0	2.04	0.12	0.0	0.0
s112-c31.1-0.625-HCHFWBBXX-l6	1.12	23990.0	50.0	10933.0	45.57	49.81	1631.0	1600.0	1617.0	6.0	4.0	4.0	0.16	0.01	1.44	0.01	1.27	1692.0	7.05	52.0	0.22	0.0	46.98	0.18	0.0	0.0
s180-c56-5.000-HFWGVBBXX-l1	102.52	19564968.0	50.0	13053462.0	66.72	49.85	2476761.0	2462000.0	2459376.0	12851.0	2171.0	2363.0	0.13	0.0	1.3	0.0	1.19	3772126.0	19.28	55050.0	0.28	0.0	13.66	0.06	0.0	0.0
s184-c57-2.500-HFJTMBBXX-l4	96.21	25496440.0	50.0	13081026.0	51.31	49.84	2486362.0	2469720.0	2465785.0	15784.0	2377.0	2416.0	0.13	0.0	1.33	0.0	1.19	5454094.0	21.39	65452.0	0.26	0.0	27.0	0.05	0.0	0.0
s011-c60.1-0.000-HCMYYBBXX-l4	155.9	8401515.0	50.0	7305067.0	86.95	49.84	1326031.0	1317185.0	1313891.0	9401.0	1205.0	1534.0	0.12	0.0	1.48	0.0	1.24	1007175.0	11.99	14754.0	0.18	0.0	0.79	0.09	0.0	0.0
s187-c62-0.625-HFJTMBBXX-l4	114.18	14938935.0	50.0	12269960.0	82.13	49.83	1971199.0	1950802.0	1953014.0	13978.0	1712.0	2495.0	0.14	0.0	1.44	0.0	1.22	1822702.0	12.2	35838.0	0.24	0.0	5.26	0.17	0.0	0.0
s118-c33.1-1.250-HCMNYBBXX-l3	42.32	18574203.0	50.0	14825028.0	79.82	49.84	2719767.0	2696147.0	2697079.0	17540.0	2219.0	2929.0	0.18	0.0	1.41	0.0	1.21	2807769.0	15.12	39568.0	0.21	0.0	4.75	0.1	0.0	0.0
s152-c45-0.625-HCN2JBBXX-l5	15.1	14831988.0	50.0	12346191.0	83.24	49.83	1968653.0	1949049.0	1950412.0	14014.0	1777.0	2450.0	0.13	0.0	1.4	0.0	1.23	1926049.0	12.99	47083.0	0.32	0.0	3.29	0.17	0.0	0.0
s213-c26.2-1.250-HCMJNBBXX-l5	170.63	19812382.0	50.0	16063113.0	81.08	49.83	3142331.0	3118243.0	3116137.0	19923.0	2764.0	3507.0	0.14	0.0	1.38	0.0	1.2	3107713.0	15.69	44521.0	0.22	0.0	2.94	0.07	0.0	0.0
s026-c70.1-0.000-HCHFWBBXX-l3	135.22	16339169.0	50.0	14265097.0	87.31	49.86	2540783.0	2522165.0	2517844.0	18234.0	2197.0	2508.0	0.14	0.0	1.44	0.0	1.22	1895994.0	11.6	31095.0	0.19	0.0	0.78	0.12	0.0	0.0
s181-c57-0.000-HFJTMBBXX-l4	89.65	23607620.0	50.0	19936707.0	84.45	49.86	3530831.0	3507261.0	3499520.0	24377.0	3637.0	3297.0	0.12	0.0	1.41	0.0	1.2	2744469.0	11.63	48640.0	0.21	0.0	3.61	0.11	0.0	0.0
s051-c7.2-0.000-HCHFWBBXX-l4	126.25	26653739.0	50.0	22488948.0	84.37	49.89	4472827.0	4438584.0	4432076.0	33092.0	3599.0	4060.0	0.11	0.0	1.43	0.0	1.27	3170098.0	11.89	47108.0	0.18	0.0	3.44	0.11	0.0	0.0
s222-c52.2-0.625-HFWGVBBXX-l3	76.56	37874031.0	50.0	32999476.0	87.13	49.84	5533043.0	5482775.0	5482738.0	39023.0	4541.0	6741.0	0.13	0.0	1.46	0.0	1.21	4080706.0	10.77	74115.0	0.2	0.0	1.76	0.14	0.0	0.0
s096-c22-0.000-HCMJNBBXX-l2	139.82	17710219.0	50.0	13629305.0	76.96	49.91	2674956.0	2655481.0	2652709.0	17939.0	2308.0	2000.0	0.1	0.0	1.46	0.0	1.24	2455274.0	13.86	35861.0	0.2	0.0	8.88	0.1	0.0	0.0
s050-c19.1-5.000-HCHFWBBXX-l4	265.09	26730301.0	50.0	21504036.0	80.45	49.87	4560602.0	4530833.0	4525437.0	27212.0	3867.0	4086.0	0.12	0.0	1.34	0.0	1.23	4991656.0	18.67	71414.0	0.27	0.0	0.54	0.07	0.0	0.0
s212-c26.2-0.625-HFWGVBBXX-l2	41.93	19509313.0	50.0	16814195.0	86.19	49.83	2738773.0	2709625.0	2712428.0	20233.0	2480.0	3632.0	0.13	0.0	1.45	0.0	1.21	2180538.0	11.18	41944.0	0.21	0.0	2.27	0.16	0.0	0.0
s216-c46.1-0.000-HCMJNBBXX-l5	156.85	40344136.0	50.0	33655277.0	83.42	49.84	5928110.0	5886733.0	5876527.0	40019.0	5537.0	6027.0	0.13	0.0	1.49	0.0	1.22	4825533.0	11.96	78185.0	0.19	0.0	4.32	0.1	0.0	0.0
s219-c46.1-2.500-HFWGVBBXX-l2	39.94	17561187.0	50.0	12001533.0	68.34	49.83	2396009.0	2380937.0	2377539.0	14221.0	2039.0	2210.0	0.12	0.0	1.38	0.0	1.2	2754613.0	15.69	38428.0	0.22	0.0	15.7	0.06	0.0	0.0
s224-c52.2-2.500-HFWGVBBXX-l3	136.63	40572524.0	50.0	30231014.0	74.51	49.83	6265094.0	6226864.0	6220417.0	34062.0	4601.0	6014.0	0.14	0.0	1.36	0.0	1.2	8058591.0	19.86	103943.0	0.26	0.0	5.31	0.06	0.0	0.0
s214-c26.2-2.500-HFWGVBBXX-l2	44.32	20450725.0	50.0	16243575.0	79.43	49.83	3277525.0	3255847.0	3250996.0	20211.0	2804.0	3514.0	0.12	0.0	1.36	0.0	1.19	3449417.0	16.87	49917.0	0.24	0.0	3.39	0.07	0.0	0.0
s068-c10.1-1.250-HCHFWBBXX-l5	146.5	16806534.0	50.0	13139891.0	78.18	49.89	2579751.0	2550422.0	2556932.0	18416.0	1913.0	2490.0	0.13	0.0	1.46	0.0	1.29	2656098.0	15.8	39238.0	0.23	0.0	5.66	0.12	0.0	0.0
s149-c44-2.500-HFJTMBBXX-l3	110.62	15302387.0	50.0	10483041.0	68.51	49.83	2100458.0	2087669.0	2084089.0	12698.0	1730.0	1941.0	0.13	0.0	1.38	0.0	1.2	2179805.0	14.24	29146.0	0.19	0.0	17.0	0.06	0.0	0.0
s204-c73.1-2.500-HFWGVBBXX-l2	191.23	22734958.0	50.0	17025654.0	74.89	49.84	3381160.0	3361206.0	3353468.0	21365.0	3151.0	3176.0	0.12	0.01	1.41	0.0	1.19	3896918.0	17.14	55104.0	0.24	0.0	7.67	0.06	0.0	0.0
s132-c37-0.625-HFJTMBBXX-l2	140.47	10457458.0	50.0	6518243.0	62.33	49.83	1153540.0	1142543.0	1144023.0	7142.0	1029.0	1346.0	0.12	0.01	1.4	0.0	1.19	1686266.0	16.13	26136.0	0.25	0.0	21.2	0.09	0.0	0.0
s183-c57-1.250-HCMJNBBXX-l4	32.01	13977615.0	50.0	8451615.0	60.47	49.84	1581111.0	1570155.0	1568163.0	9823.0	1584.0	1541.0	0.14	0.0	1.3	0.0	1.19	3145760.0	22.51	42609.0	0.3	0.0	16.67	0.06	0.0	0.0
s209-c14-2.500-HCMJNBBXX-l5	50.27	11618381.0	50.0	4510770.0	38.82	49.83	909401.0	903438.0	902331.0	5308.0	882.0	880.0	0.14	0.01	1.35	0.0	1.18	1850266.0	15.93	20590.0	0.18	0.0	45.04	0.04	0.0	0.0
s166-c54.1-0.000-HCN2JBBXX-l6	5.07	4125345.0	50.0	3497731.0	84.79	49.82	627620.0	623373.0	621921.0	4428.0	593.0	678.0	0.12	0.0	1.47	0.0	1.21	520586.0	12.62	7644.0	0.19	0.0	2.3	0.11	0.0	0.0
s220-c46.1-5.000-HFWGVBBXX-l2	44.03	21625623.0	50.0	9753935.0	45.1	49.83	1905892.0	1892769.0	1892643.0	9966.0	1491.0	1792.0	0.12	0.01	1.36	0.0	1.2	3925764.0	18.15	49391.0	0.23	0.0	36.47	0.04	0.0	0.0
s133-c37-1.250-HCMJNBBXX-l3	15.54	5828613.0	50.0	3202819.0	54.95	49.84	624011.0	620159.0	619454.0	3445.0	513.0	599.0	0.16	0.01	1.37	0.0	1.18	1012679.0	17.37	13914.0	0.24	0.0	27.39	0.05	0.0	0.0
s202-c73.1-0.625-HFWGVBBXX-l2	48.76	22742644.0	50.0	18601983.0	81.79	49.84	2977379.0	2947469.0	2948122.0	22598.0	2777.0	3882.0	0.12	0.01	1.44	0.0	1.22	3068633.0	13.49	52550.0	0.23	0.0	4.33	0.15	0.0	0.0
s158-c48.1-1.250-HCN2JBBXX-l5	36.19	18685885.0	50.0	14798392.0	79.2	49.84	2914353.0	2893824.0	2890578.0	17935.0	2886.0	2954.0	0.12	0.0	1.32	0.0	1.2	3130382.0	16.75	45182.0	0.24	0.0	3.73	0.08	0.0	0.0
s170-c54.1-5.000-HFWGVBBXX-l1	217.3	21065931.0	50.0	14620952.0	69.41	49.84	2931917.0	2913579.0	2914545.0	13104.0	2016.0	2252.0	0.13	0.0	1.33	0.0	1.21	4068561.0	19.31	55896.0	0.27	0.0	10.96	0.06	0.0	0.0
s092-c27-0.625-HCMJNBBXX-l2	11.35	13375991.0	50.0	10749098.0	80.36	49.9	2076401.0	2052930.0	2060512.0	12298.0	1411.0	2180.0	0.13	0.0	1.5	0.0	1.31	2083423.0	15.58	51143.0	0.38	0.0	3.54	0.14	0.0	0.0
s198-c72-1.250-HFJTMBBXX-l4	85.01	22904638.0	50.0	16998127.0	74.21	49.84	3270144.0	3250002.0	3244272.0	20073.0	2989.0	2810.0	0.12	0.0	1.34	0.0	1.2	3783584.0	16.52	50041.0	0.22	0.0	8.99	0.06	0.0	0.0
s127-c36-0.625-HFJTMBBXX-l2	143.58	13640515.0	50.0	9114262.0	66.82	49.83	1547764.0	1529572.0	1533532.0	10772.0	1419.0	2041.0	0.14	0.0	1.44	0.0	1.23	1517460.0	11.12	50876.0	0.37	0.0	21.54	0.14	0.0	0.0
s066-c10.1-0.000-HCMNYBBXX-l2	149.17	21422854.0	50.0	18016614.0	84.1	49.9	3686621.0	3658848.0	3653838.0	26871.0	2997.0	2915.0	0.12	0.0	1.52	0.0	1.29	2436721.0	11.37	39984.0	0.19	0.0	4.24	0.1	0.0	0.0
s029-c70.1-2.500-HCMYYBBXX-l5	186.71	10736077.0	50.0	8753553.0	81.53	49.87	1775913.0	1764853.0	1762774.0	10349.0	1298.0	1492.0	0.11	0.0	1.33	0.0	1.2	1857177.0	17.3	24734.0	0.23	0.0	0.87	0.07	0.0	0.0
s141-c43.1-0.000-HCN2JBBXX-l5	47.35	20083953.0	50.0	17368895.0	86.48	49.84	2997844.0	2976662.0	2969410.0	22418.0	2636.0	3380.0	0.12	0.0	1.42	0.0	1.22	2210353.0	11.01	34893.0	0.17	0.0	2.22	0.12	0.0	0.0
s054-c7.2-2.500-HCMYYBBXX-l6	201.21	12407803.0	50.0	160315.0	1.29	49.73	22803.0	22519.0	22545.0	174.0	14.0	70.0	0.2	0.01	1.34	0.0	1.14	178521.0	1.44	2524.0	0.02	0.0	97.23	0.01	0.0	0.0
s185-c57-5.000-HFJTMBBXX-l4	61.62	13505861.0	50.0	6446903.0	47.73	49.85	1306952.0	1298808.0	1296482.0	7983.0	1260.0	1227.0	0.12	0.0	1.34	0.0	1.19	2810689.0	20.81	34982.0	0.26	0.0	31.15	0.04	0.0	0.0
s159-c48.1-2.500-HCN2JBBXX-l5	22.66	29446059.0	50.0	21961254.0	74.58	49.84	4422874.0	4396172.0	4387358.0	27154.0	4195.0	4167.0	0.12	0.0	1.32	0.0	1.18	5739399.0	19.49	77900.0	0.26	0.0	5.59	0.07	0.0	0.0
s111-c31.1-0.000-HCMNYBBXX-l3	24.3	2686464.0	50.0	2305613.0	85.82	49.89	423217.0	420137.0	419453.0	3019.0	352.0	393.0	0.17	0.0	1.43	0.0	1.25	304360.0	11.33	4906.0	0.18	0.0	2.56	0.11	0.0	0.0
s186-c62-0.000-HFJTMBBXX-l4	90.06	12758509.0	50.0	11004074.0	86.25	49.85	1992708.0	1979777.0	1975869.0	12979.0	1804.0	2056.0	0.12	0.0	1.44	0.0	1.21	1430385.0	11.21	24676.0	0.19	0.0	2.24	0.11	0.0	0.0
s162-c51-0.625-HFWGVBBXX-l1	90.63	23010139.0	50.0	20005338.0	86.94	49.82	3827682.0	3799016.0	3801021.0	19968.0	2234.0	4459.0	0.15	0.0	1.5	0.0	1.26	2423070.0	10.53	45257.0	0.2	0.0	2.2	0.13	0.0	0.0
s028-c70.1-1.250-HCMYYBBXX-l5	280.77	22929164.0	50.0	18393088.0	80.22	49.87	3651667.0	3627226.0	3625057.0	20864.0	2710.0	3036.0	0.11	0.0	1.35	0.0	1.2	4189278.0	18.27	62896.0	0.27	0.0	1.16	0.07	0.0	0.0
s110-c30-5.000-HCHFWBBXX-l6	144.16	20543294.0	50.0	15685407.0	76.35	49.89	3348610.0	3326421.0	3324709.0	18509.0	2775.0	2617.0	0.12	0.0	1.4	0.0	1.2	3829172.0	18.64	56428.0	0.27	0.0	4.67	0.07	0.0	0.0
s146-c44-0.000-HCN2JBBXX-l5	43.01	19415092.0	50.0	16672505.0	85.87	49.86	2933077.0	2913483.0	2907365.0	20181.0	2623.0	2908.0	0.11	0.0	1.43	0.0	1.22	2290254.0	11.8	37289.0	0.19	0.0	2.03	0.11	0.0	0.0
s225-c52.2-5.000-HFWGVBBXX-l3	118.94	39547161.0	50.0	29872273.0	75.54	49.84	6112749.0	6076568.0	6070380.0	31973.0	4788.0	5608.0	0.13	0.0	1.36	0.0	1.2	7724715.0	19.53	105672.0	0.27	0.0	4.6	0.06	0.0	0.0
s124-c35-2.500-HCMJNBBXX-l3	241.18	13465658.0	50.0	10406749.0	77.28	49.87	2160682.0	2148225.0	2143508.0	13630.0	1731.0	1813.0	0.17	0.0	1.43	0.0	1.23	2653328.0	19.7	34001.0	0.25	0.0	2.7	0.06	0.0	0.0
s054-c7.2-2.500-HCHFWBBXX-l4	185.13	21392510.0	50.0	266575.0	1.25	49.72	39595.0	39135.0	39151.0	292.0	18.0	134.0	0.2	0.01	1.28	0.0	1.17	307767.0	1.44	4076.0	0.02	0.0	97.28	0.01	0.0	0.0
s217-c46.1-0.625-HCMJNBBXX-l5	186.23	12156669.0	50.0	8418806.0	69.25	49.83	1478895.0	1463940.0	1465581.0	10271.0	1242.0	1801.0	0.15	0.0	1.44	0.0	1.2	1954494.0	16.08	61422.0	0.51	0.0	14.05	0.11	0.0	0.0
s021-c21.1-0.000-HCMYYBBXX-l5	170.28	13385678.0	50.0	11549777.0	86.28	49.86	2056607.0	2041808.0	2037772.0	14767.0	1816.0	2252.0	0.12	0.0	1.41	0.0	1.21	1639332.0	12.25	23896.0	0.18	0.0	1.19	0.1	0.0	0.0
s121-c35-0.000-HCMJNBBXX-l3	21.47	14215085.0	50.0	11829962.0	83.22	49.88	2085842.0	2069043.0	2067154.0	14474.0	1903.0	2311.0	0.16	0.0	1.49	0.0	1.23	1673108.0	11.77	28845.0	0.2	0.0	4.68	0.13	0.0	0.0
s215-c26.2-5.000-HFWGVBBXX-l2	213.64	19287172.0	50.0	15199359.0	78.81	49.83	3088831.0	3068782.0	3064117.0	18862.0	2634.0	3218.0	0.12	0.0	1.37	0.0	1.2	3363468.0	17.44	47741.0	0.25	0.0	3.44	0.07	0.0	0.0
s205-c73.1-5.000-HFWGVBBXX-l2	236.91	23230422.0	50.0	18414459.0	79.27	49.85	3704189.0	3681568.0	3672902.0	24145.0	3383.0	3759.0	0.12	0.01	1.43	0.0	1.19	3769117.0	16.22	57760.0	0.25	0.0	4.19	0.07	0.0	0.0
s218-c46.1-1.250-HFWGVBBXX-l2	235.72	20363790.0	50.0	9670032.0	47.49	49.83	1877930.0	1865052.0	1864180.0	10424.0	1533.0	1793.0	0.13	0.0	1.39	0.0	1.21	3366228.0	16.53	41410.0	0.2	0.0	35.73	0.05	0.0	0.0
s050-c19.1-5.000-HCMYYBBXX-l6	59.79	4550828.0	50.0	3656080.0	80.34	49.88	776881.0	771860.0	770854.0	4667.0	663.0	697.0	0.11	0.0	1.34	0.0	1.24	848750.0	18.65	11971.0	0.26	0.0	0.68	0.07	0.0	0.0
s210-c14-5.000-HFWGVBBXX-l2	38.07	20187166.0	50.0	7223617.0	35.78	49.83	1410404.0	1400782.0	1399204.0	8393.0	1281.0	1526.0	0.13	0.01	1.32	0.0	1.19	8896831.0	44.07	93070.0	0.46	0.0	19.65	0.04	0.0	0.0
s160-c48.1-5.000-HCN2JBBXX-l5	35.2	18295884.0	50.0	13738498.0	75.09	49.84	2825754.0	2808377.0	2802936.0	17601.0	2580.0	2637.0	0.12	0.0	1.34	0.0	1.2	3293803.0	18.0	44516.0	0.24	0.0	6.6	0.07	0.0	0.0
s086-c18-0.000-HFJYFBBXX-l2	144.26	45442836.0	50.0	38446077.0	84.6	49.92	7534518.0	7479671.0	7468672.0	52434.0	6953.0	6459.0	0.1	0.0	1.47	0.0	1.28	5775263.0	12.71	93072.0	0.2	0.0	2.38	0.11	0.0	0.0
s069-c10.1-2.500-HCHFWBBXX-l5	54.64	11731367.0	50.0	9204746.0	78.46	49.89	2140450.0	2125690.0	2123549.0	13924.0	1445.0	1532.0	0.13	0.0	1.39	0.0	1.28	1945166.0	16.58	23245.0	0.2	0.0	4.7	0.06	0.0	0.0
s051-c7.2-0.000-HCMYYBBXX-l6	94.53	9531289.0	50.0	8032459.0	84.27	49.89	1598826.0	1586545.0	1584202.0	11812.0	1366.0	1446.0	0.1	0.0	1.44	0.0	1.29	1137847.0	11.94	16631.0	0.17	0.0	3.5	0.11	0.0	0.0
s167-c54.1-0.625-HCN2JBBXX-l6	13.71	3902285.0	50.0	3264388.0	83.65	49.83	537423.0	532188.0	532282.0	3982.0	535.0	624.0	0.12	0.0	1.46	0.0	1.21	451403.0	11.57	7985.0	0.2	0.0	4.42	0.15	0.0	0.0
s173-c55.1-1.250-HCN2JBBXX-l6	41.56	7227313.0	50.0	5466185.0	75.63	49.84	1066299.0	1058892.0	1058054.0	6385.0	882.0	978.0	0.13	0.0	1.38	0.0	1.21	1127397.0	15.6	16157.0	0.22	0.0	8.48	0.07	0.0	0.0
s164-c51-2.500-HCN2JBBXX-l6	13.61	7365469.0	50.0	5721018.0	77.67	49.82	1377718.0	1372480.0	1372203.0	3986.0	438.0	1091.0	0.13	0.0	1.45	0.0	1.27	1076237.0	14.61	14550.0	0.2	0.0	7.46	0.05	0.0	0.0
s136-c38-0.000-HFJTMBBXX-l2	136.66	14880660.0	50.0	12722946.0	85.5	49.85	2229723.0	2215026.0	2210707.0	14754.0	2063.0	2199.0	0.11	0.0	1.46	0.0	1.2	1662460.0	11.17	28519.0	0.19	0.0	3.02	0.11	0.0	0.0
s155-c45-5.000-HFJTMBBXX-l3	173.58	19334403.0	50.0	15205501.0	78.64	49.83	3042971.0	3024891.0	3021078.0	16876.0	2401.0	2616.0	0.13	0.0	1.33	0.0	1.2	2899724.0	15.0	43908.0	0.23	0.0	6.06	0.07	0.0	0.0
s073-c11.1-1.250-HCMNYBBXX-l2	82.5	15859110.0	50.0	11805937.0	74.44	49.88	2519148.0	2494921.0	2499856.0	15471.0	1594.0	2227.0	0.13	0.0	1.34	0.0	1.27	2678730.0	16.89	34090.0	0.21	0.0	8.36	0.09	0.0	0.0
s191-c63.1-0.000-HCMJNBBXX-l4	21.77	10630210.0	50.0	9166761.0	86.23	49.87	1611729.0	1600874.0	1596846.0	11696.0	1421.0	1766.0	0.13	0.0	1.48	0.0	1.22	1188942.0	11.18	20357.0	0.19	0.0	2.28	0.11	0.0	0.0
s161-c51-0.000-HCN2JBBXX-l6	25.02	11877111.0	50.0	10183257.0	85.74	49.83	2040835.0	2031191.0	2028255.0	9391.0	1241.0	1948.0	0.12	0.0	1.51	0.0	1.24	1356015.0	11.42	21484.0	0.18	0.0	2.57	0.09	0.0	0.0
s067-c10.1-0.625-HCMNYBBXX-l2	240.93	36005223.0	50.0	28560230.0	79.32	49.88	5243277.0	5189509.0	5192390.0	40949.0	4438.0	5500.0	0.13	0.0	1.52	0.0	1.31	4980485.0	13.83	77238.0	0.21	0.0	6.49	0.14	0.0	0.0
s034-c39.1-2.500-HCHFWBBXX-l3	97.86	17044316.0	50.0	13432263.0	78.81	49.84	2598640.0	2582273.0	2577031.0	16805.0	2150.0	2654.0	0.16	0.0	1.3	0.0	1.22	3436888.0	20.16	40295.0	0.24	0.0	0.73	0.06	0.0	0.0
s144-c43.1-2.500-HFJTMBBXX-l3	124.11	12755388.0	50.0	9831719.0	77.08	49.85	1987623.0	1974544.0	1973284.0	11140.0	1424.0	1775.0	0.14	0.01	1.31	0.0	1.2	2168363.0	17.0	29632.0	0.23	0.0	5.61	0.08	0.0	0.0
s075-c11.1-5.000-HCHFWBBXX-l5	124.94	15408865.0	50.0	10782479.0	69.98	49.88	2471368.0	2454426.0	2453969.0	13996.0	1416.0	1987.0	0.13	0.0	1.29	0.0	1.25	2961752.0	19.22	33197.0	0.22	0.0	10.53	0.06	0.0	0.0
s002-c64-0.625-HCMYYBBXX-l4	159.93	25366344.0	50.0	21290320.0	83.93	49.88	3855216.0	3819008.0	3824013.0	24355.0	3069.0	3779.0	0.14	0.0	1.44	0.01	1.21	3751091.0	14.79	99445.0	0.39	0.0	0.74	0.14	0.0	0.0
s126-c36-0.000-HFJTMBBXX-l2	132.24	15317678.0	50.0	12845774.0	83.86	49.86	2346101.0	2329914.0	2326791.0	14772.0	2246.0	2292.0	0.11	0.0	1.49	0.0	1.23	1883044.0	12.29	32402.0	0.21	0.0	3.52	0.11	0.0	0.0
s119-c33.1-2.500-HCMNYBBXX-l3	33.94	15736764.0	50.0	10584549.0	67.26	49.72	2169454.0	2150934.0	2151026.0	13618.0	1802.0	3008.0	0.22	0.0	1.52	0.0	1.24	3411459.0	21.68	42766.0	0.27	0.0	10.71	0.08	0.0	0.0
s190-c62-5.000-HCMJNBBXX-l4	35.12	18311136.0	50.0	14462228.0	78.98	49.85	2966771.0	2949258.0	2945387.0	16390.0	2289.0	2705.0	0.15	0.0	1.36	0.0	1.19	2880455.0	15.73	45736.0	0.25	0.0	4.97	0.07	0.0	0.0
s142-c43.1-0.625-HFJTMBBXX-l3	210.52	14619125.0	50.0	12586751.0	86.1	49.85	1953939.0	1935426.0	1934684.0	15033.0	1700.0	2522.0	0.13	0.01	1.43	0.0	1.23	1629953.0	11.15	33461.0	0.23	0.0	2.34	0.18	0.0	0.0
s011-c60.1-0.000-HCGYCBBXX-l5	124.65	21398276.0	50.0	18591041.0	86.88	49.82	3359821.0	3337186.0	3328695.0	24062.0	3031.0	4033.0	0.18	0.0	1.45	0.0	1.22	2605207.0	12.17	36737.0	0.17	0.0	0.68	0.09	0.0	0.0
s032-c39.1-0.625-HCHFWBBXX-l3	122.65	20918672.0	50.0	17926098.0	85.69	49.84	3076282.0	3049771.0	3045989.0	23738.0	2854.0	3701.0	0.15	0.0	1.42	0.0	1.24	2769415.0	13.24	39128.0	0.19	0.0	0.77	0.11	0.0	0.0
s085-c17.1-5.000-HFJYFBBXX-l2	146.77	12964433.0	50.0	5771438.0	44.52	49.91	1324720.0	1313089.0	1315121.0	7494.0	972.0	1133.0	0.11	0.0	1.2	0.0	1.24	1774712.0	13.69	20701.0	0.16	0.0	41.58	0.05	0.0	0.0
s228-c58.2-1.250-HFWGVBBXX-l3	76.33	41067780.0	50.0	32764901.0	79.78	49.84	5798285.0	5743051.0	5746059.0	41680.0	3911.0	6635.0	0.13	0.01	1.28	0.0	1.22	6372462.0	15.52	89833.0	0.22	0.0	4.38	0.1	0.0	0.0
s200-c72-5.000-HCMJNBBXX-l4	83.84	18212010.0	50.0	8732919.0	47.95	49.85	1720444.0	1709656.0	1707403.0	10049.0	1487.0	1505.0	0.13	0.01	1.29	0.0	1.2	4006398.0	22.0	44461.0	0.24	0.0	29.76	0.04	0.0	0.0
s115-c31.1-5.000-HCHFWBBXX-l6	117.19	23503239.0	50.0	18134740.0	77.16	49.84	3570574.0	3546272.0	3544696.0	20093.0	2411.0	3374.0	0.14	0.01	1.34	0.0	1.21	4251376.0	18.09	56303.0	0.24	0.0	4.44	0.08	0.0	0.0
s148-c44-1.250-HFJTMBBXX-l3	179.11	26369549.0	50.0	20010794.0	75.89	49.84	3833304.0	3809477.0	3802934.0	23501.0	3250.0	3619.0	0.13	0.0	1.34	0.0	1.21	4014736.0	15.22	57759.0	0.22	0.0	8.6	0.07	0.0	0.0
s033-c39.1-1.250-HCMYYBBXX-l5	164.66	25887545.0	50.0	21230121.0	82.01	49.83	3567622.0	3530271.0	3534157.0	25413.0	3143.0	4909.0	0.13	0.0	1.37	0.0	1.23	4279357.0	16.53	61281.0	0.24	0.0	1.11	0.12	0.0	0.0
s120-c33.1-5.000-HCMNYBBXX-l3	5.55	1690169.0	50.0	1095827.0	64.84	49.88	214296.0	212839.0	213056.0	949.0	156.0	135.0	0.17	0.0	1.38	0.0	1.26	439827.0	26.02	5399.0	0.32	0.0	8.76	0.06	0.0	0.0
s208-c14-1.250-HCMJNBBXX-l5	23.87	5012927.0	50.0	2740951.0	54.68	49.84	530475.0	526985.0	526331.0	3191.0	491.0	462.0	0.14	0.01	1.32	0.0	1.19	922901.0	18.41	11535.0	0.23	0.0	26.63	0.05	0.0	0.0
s097-c22-0.625-HCMJNBBXX-l2	26.24	11721071.0	50.0	7582951.0	64.7	49.9	1374699.0	1359196.0	1362662.0	9656.0	1142.0	1239.0	0.12	0.0	1.43	0.0	1.24	1921276.0	16.39	38323.0	0.33	0.0	18.47	0.12	0.0	0.0
s103-c29.1-1.250-HCMNYBBXX-l3	75.29	10143778.0	50.0	8101034.0	79.86	49.78	1328080.0	1313200.0	1316209.0	8585.0	1124.0	2162.0	0.19	0.01	1.39	0.0	1.22	1470919.0	14.5	24051.0	0.24	0.0	5.26	0.14	0.0	0.0
s199-c72-2.500-HFJTMBBXX-l4	96.97	24188464.0	50.0	14216588.0	58.77	49.84	2780721.0	2763859.0	2759189.0	16559.0	2467.0	2506.0	0.12	0.0	1.32	0.0	1.19	4092712.0	16.92	52105.0	0.22	0.0	24.04	0.05	0.0	0.0
s060-c32-5.000-HCMYYBBXX-l6	165.0	39371857.0	50.0	28010055.0	71.14	49.88	6222489.0	6186966.0	6176754.0	35735.0	4943.0	5057.0	0.11	0.0	1.41	0.0	1.25	7388982.0	18.77	94860.0	0.24	0.0	9.79	0.06	0.0	0.0
s027-c70.1-0.625-HCHFWBBXX-l3	131.13	19268353.0	50.0	16588495.0	86.09	49.86	2751567.0	2724114.0	2726805.0	19402.0	2272.0	3088.0	0.15	0.0	1.41	0.0	1.22	2435744.0	12.64	44541.0	0.23	0.0	0.89	0.15	0.0	0.0
s145-c43.1-5.000-HCN2JBBXX-l5	32.36	13286404.0	50.0	10258372.0	77.21	49.85	2024543.0	2011088.0	2008804.0	12246.0	1511.0	1982.0	0.14	0.01	1.34	0.0	1.2	2308169.0	17.37	32821.0	0.25	0.0	5.08	0.09	0.0	0.0
s194-c63.1-2.500-HCMJNBBXX-l4	103.34	29421847.0	50.0	23177783.0	78.78	49.85	4571231.0	4542211.0	4535409.0	28178.0	3250.0	4394.0	0.14	0.0	1.38	0.0	1.22	5074090.0	17.25	70078.0	0.24	0.0	3.67	0.07	0.0	0.0
s037-c2.1-0.625-HCMYYBBXX-l5	38.56	14739472.0	50.0	12593561.0	85.44	49.85	2039365.0	2018301.0	2019660.0	15112.0	1910.0	2683.0	0.12	0.0	1.41	0.0	1.22	1964798.0	13.33	35199.0	0.24	0.0	0.83	0.16	0.0	0.0
s043-c15.1-1.250-HCMYYBBXX-l6	5.75	28752.0	50.0	22283.0	77.5	49.85	4193.0	4153.0	4152.0	31.0	4.0	6.0	0.13	0.01	1.59	0.0	1.23	4833.0	16.81	79.0	0.27	0.0	5.3	0.12	0.0	0.0
s182-c57-0.625-HFJTMBBXX-l4	74.32	25434512.0	50.0	18491022.0	72.7	49.84	3004366.0	2971261.0	2975590.0	22418.0	2735.0	3623.0	0.14	0.0	1.37	0.0	1.21	3774212.0	14.84	112137.0	0.44	0.0	11.87	0.15	0.0	0.0
s023-c21.1-1.250-HCHFWBBXX-l3	119.88	18281890.0	50.0	14966191.0	81.86	49.85	2540997.0	2514724.0	2518486.0	17441.0	2011.0	3059.0	0.16	0.0	1.31	0.01	1.21	3116476.0	17.05	44047.0	0.24	0.0	0.73	0.12	0.0	0.0
s151-c45-0.000-HCN2JBBXX-l5	11.79	13471658.0	50.0	11500508.0	85.37	49.84	2020731.0	2007004.0	2003898.0	12899.0	1904.0	2030.0	0.12	0.0	1.43	0.0	1.21	1597806.0	11.86	25755.0	0.19	0.0	2.47	0.11	0.0	0.0
s165-c51-5.000-HFWGVBBXX-l1	82.0	25602975.0	50.0	20120492.0	78.59	49.83	4930617.0	4913437.0	4911543.0	13807.0	1522.0	3745.0	0.14	0.0	1.45	0.0	1.28	4105369.0	16.03	52606.0	0.21	0.0	5.12	0.05	0.0	0.0
s154-c45-2.500-HCN2JBBXX-l5	91.24	19819884.0	50.0	14960819.0	75.48	49.84	2873019.0	2855452.0	2852318.0	15975.0	2295.0	2431.0	0.13	0.0	1.31	0.0	1.2	3548082.0	17.9	48846.0	0.25	0.0	6.3	0.07	0.0	0.0
s196-c72-0.000-HFJTMBBXX-l4	210.78	13642177.0	50.0	11401060.0	83.57	49.86	1971460.0	1958711.0	1953432.0	14108.0	1907.0	2013.0	0.12	0.0	1.46	0.0	1.22	1637087.0	12.0	26075.0	0.19	0.0	4.12	0.11	0.0	0.0
s076-c12.1-0.000-HCMNYBBXX-l2	129.73	18630132.0	50.0	14743045.0	79.14	49.89	2997471.0	2972276.0	2970618.0	22114.0	2204.0	2535.0	0.12	0.0	1.4	0.0	1.29	2742631.0	14.72	35103.0	0.19	0.0	5.85	0.11	0.0	0.0
s010-c41-5.000-HCGYCBBXX-l5	88.45	23585955.0	50.0	18699043.0	79.28	49.86	3832344.0	3810437.0	3803527.0	22486.0	3269.0	3062.0	0.17	0.0	1.43	0.0	1.2	4671718.0	19.81	65853.0	0.28	0.0	0.57	0.07	0.0	0.0
s001-c64-0.000-HCGYCBBXX-l5	128.36	24388937.0	50.0	21216471.0	86.99	49.85	3797740.0	3772493.0	3767597.0	23546.0	3290.0	3307.0	0.17	0.0	1.5	0.01	1.22	2886407.0	11.83	50139.0	0.21	0.0	0.85	0.11	0.0	0.0
s192-c63.1-0.625-HCMJNBBXX-l4	58.4	14648530.0	50.0	12734655.0	86.93	49.85	2107597.0	2088016.0	2087336.0	15798.0	1800.0	2663.0	0.14	0.0	1.47	0.0	1.23	1565948.0	10.69	29630.0	0.2	0.0	2.04	0.14	0.0	0.0
s228-c58.2-1.250-HCMJNBBXX-l6	193.06	24829069.0	50.0	19700799.0	79.35	49.83	3480241.0	3446969.0	3449242.0	24682.0	2332.0	3985.0	0.13	0.01	1.26	0.0	1.21	3841682.0	15.47	53971.0	0.22	0.0	4.86	0.1	0.0	0.0
s004-c64-2.500-HCGYCBBXX-l5	125.71	25560618.0	50.0	20509967.0	80.24	49.86	4167785.0	4144094.0	4138693.0	22532.0	3249.0	3311.0	0.17	0.0	1.41	0.0	1.2	4611667.0	18.04	69536.0	0.27	0.0	1.38	0.07	0.0	0.0
s016-c47.1-0.000-HCGYCBBXX-l5	293.81	15424921.0	50.0	13001645.0	84.29	49.89	2369227.0	2352092.0	2346450.0	18420.0	2046.0	2311.0	0.16	0.0	1.4	0.0	1.21	1776228.0	11.52	29918.0	0.19	0.0	3.89	0.11	0.0	0.0
s030-c70.1-5.000-HCHFWBBXX-l3	108.44	19278824.0	50.0	15666556.0	81.26	49.87	3221520.0	3202040.0	3197510.0	18983.0	2367.0	2660.0	0.14	0.0	1.32	0.0	1.19	3417499.0	17.73	47430.0	0.25	0.0	0.69	0.07	0.0	0.0
s147-c44-0.625-HFJTMBBXX-l3	95.89	11533583.0	50.0	9522155.0	82.56	49.82	1614132.0	1597342.0	1599596.0	11134.0	1388.0	2014.0	0.14	0.0	1.41	0.0	1.22	1346156.0	11.67	56238.0	0.49	0.0	5.13	0.15	0.0	0.0
s024-c21.1-2.500-HCMYYBBXX-l5	79.29	11122498.0	50.0	8764059.0	78.8	49.85	1760233.0	1749052.0	1746517.0	10848.0	1270.0	1598.0	0.12	0.0	1.28	0.0	1.19	2222134.0	19.98	26720.0	0.24	0.0	0.92	0.07	0.0	0.0
s112-c31.1-0.625-HCMNYBBXX-l3	43.62	19254926.0	50.0	15881627.0	82.48	49.84	2512030.0	2486821.0	2487855.0	18894.0	2131.0	3150.0	0.18	0.01	1.41	0.0	1.24	2599256.0	13.5	42764.0	0.22	0.0	3.65	0.15	0.0	0.0
s063-c25.1-1.250-HCMNYBBXX-l2	51.21	3300146.0	50.0	2815831.0	85.32	49.83	486779.0	481601.0	482596.0	3226.0	396.0	561.0	0.15	0.0	1.31	0.0	1.23	453325.0	13.74	7290.0	0.22	0.0	0.58	0.14	0.0	0.0
s207-c14-0.625-HCMJNBBXX-l5	63.17	10212959.0	50.0	6242802.0	61.13	49.82	1093305.0	1081441.0	1083878.0	7057.0	967.0	1403.0	0.15	0.01	1.39	0.0	1.19	2042021.0	19.99	27010.0	0.26	0.0	18.52	0.09	0.0	0.0
s080-c12.1-5.000-HCHFWBBXX-l5	119.24	17654622.0	50.0	12999167.0	73.63	49.91	2897590.0	2874260.0	2876621.0	16593.0	1849.0	2527.0	0.12	0.0	1.31	0.0	1.27	3751728.0	21.25	42414.0	0.24	0.0	4.81	0.07	0.0	0.0
s118-c33.1-1.250-HCHFWBBXX-l6	152.82	21776539.0	50.0	17464544.0	80.2	49.84	3208312.0	3180407.0	3181100.0	21165.0	2574.0	3473.0	0.12	0.0	1.43	0.0	1.21	3278957.0	15.06	46494.0	0.21	0.0	4.43	0.1	0.0	0.0
s078-c12.1-1.250-HCHFWBBXX-l5	82.15	15038167.0	50.0	11533873.0	76.7	49.89	2522405.0	2502142.0	2503486.0	15210.0	1696.0	2013.0	0.12	0.0	1.29	0.0	1.29	2423491.0	16.12	28526.0	0.19	0.0	6.92	0.07	0.0	0.0
s114-c31.1-2.500-HCMNYBBXX-l3	26.94	9145656.0	50.0	6918901.0	75.65	49.84	1326162.0	1316564.0	1316451.0	7469.0	969.0	1273.0	0.19	0.01	1.34	0.0	1.23	1486895.0	16.26	21985.0	0.24	0.0	7.76	0.09	0.0	0.0
s022-c21.1-0.625-HCMYYBBXX-l5	134.12	11362951.0	50.0	9782037.0	86.09	49.86	1541091.0	1526154.0	1525857.0	11840.0	1429.0	1965.0	0.12	0.0	1.4	0.01	1.22	1438820.0	12.66	23808.0	0.21	0.0	0.89	0.15	0.0	0.0
s098-c22-1.250-HCMJNBBXX-l2	25.5	27182827.0	50.0	16137005.0	59.36	49.9	3450440.0	3423345.0	3424488.0	20761.0	2447.0	2744.0	0.11	0.0	1.33	0.0	1.25	5131704.0	18.88	55921.0	0.21	0.0	21.49	0.06	0.0	0.0
s017-c47.1-0.625-HCMYYBBXX-l4	155.79	41068037.0	50.0	35583997.0	86.65	49.89	5834031.0	5777753.0	5777088.0	45214.0	4960.0	6769.0	0.11	0.0	1.42	0.0	1.2	5016571.0	12.22	101819.0	0.25	0.0	0.73	0.16	0.0	0.0
s036-c2.1-0.000-HCHFWBBXX-l3	128.89	21875334.0	50.0	18968264.0	86.71	49.88	3378761.0	3355465.0	3348179.0	23590.0	3362.0	3630.0	0.13	0.0	1.45	0.0	1.29	2688538.0	12.29	45082.0	0.21	0.0	0.68	0.11	0.0	0.0
s152-c45-0.625-HFJTMBBXX-l3	107.9	14655987.0	50.0	12216126.0	83.35	49.82	1948356.0	1928551.0	1930230.0	13915.0	1653.0	2558.0	0.14	0.0	1.42	0.0	1.22	1892336.0	12.91	47167.0	0.32	0.0	3.24	0.17	0.0	0.0
s129-c36-2.500-HFJTMBBXX-l2	215.63	14674643.0	50.0	8607821.0	58.66	49.85	1705747.0	1694639.0	1693265.0	9376.0	1610.0	1496.0	0.12	0.0	1.41	0.0	1.21	2260621.0	15.4	32044.0	0.22	0.0	25.66	0.06	0.0	0.0
s180-c56-5.000-HCN2JBBXX-l6	17.36	6472980.0	50.0	4296611.0	66.38	49.84	815480.0	810592.0	809784.0	4162.0	797.0	737.0	0.12	0.01	1.31	0.0	1.2	1242356.0	19.19	18142.0	0.28	0.0	14.09	0.06	0.0	0.0
s091-c27-0.000-HCMJNBBXX-l2	11.95	5954624.0	50.0	4982809.0	83.68	49.9	953867.0	947525.0	946610.0	5677.0	770.0	810.0	0.11	0.0	1.52	0.0	1.32	816295.0	13.71	11801.0	0.2	0.0	2.31	0.1	0.0	0.0
s139-c38-2.500-HFJTMBBXX-l2	172.74	22359623.0	50.0	15583657.0	69.7	49.87	2994941.0	2976818.0	2971267.0	18465.0	2677.0	2532.0	0.11	0.0	1.38	0.0	1.19	4257234.0	19.04	58019.0	0.26	0.0	10.94	0.07	0.0	0.0
s015-c60.1-5.000-HCMYYBBXX-l4	96.51	17076338.0	50.0	13575144.0	79.5	49.88	2818596.0	2801827.0	2795814.0	17829.0	2072.0	2881.0	0.11	0.0	1.35	0.0	1.26	3303552.0	19.35	42284.0	0.25	0.0	0.84	0.07	0.0	0.0
s005-c64-5.000-HCMYYBBXX-l4	124.89	18143344.0	50.0	14376702.0	79.24	49.88	2495764.0	2481440.0	2477010.0	14137.0	2308.0	2309.0	0.11	0.01	1.49	0.01	1.21	3295980.0	18.17	58148.0	0.32	0.0	2.19	0.08	0.0	0.0
s094-c27-2.500-HCMJNBBXX-l2	15.46	18442049.0	50.0	14039983.0	76.13	49.9	3083853.0	3065344.0	3063614.0	15910.0	1949.0	2380.0	0.12	0.0	1.46	0.0	1.3	3641133.0	19.74	48117.0	0.26	0.0	3.79	0.07	0.0	0.0
s225-c52.2-5.000-HCMJNBBXX-l6	161.36	22411193.0	50.0	16861817.0	75.24	49.83	3442645.0	3422201.0	3418825.0	17872.0	2698.0	3250.0	0.13	0.0	1.36	0.0	1.2	4392722.0	19.6	59828.0	0.27	0.0	4.83	0.06	0.0	0.0
s134-c37-2.500-HFJTMBBXX-l2	171.61	10963682.0	50.0	5680708.0	51.81	49.84	1132856.0	1126214.0	1124733.0	6056.0	949.0	1118.0	0.11	0.01	1.38	0.0	1.18	2015041.0	18.38	26065.0	0.24	0.0	29.52	0.05	0.0	0.0
s065-c25.1-5.000-HCHFWBBXX-l5	137.49	19095621.0	50.0	15296765.0	80.11	49.84	2864544.0	2844552.0	2840042.0	19353.0	2183.0	2966.0	0.15	0.01	1.28	0.01	1.2	3573007.0	18.71	52775.0	0.28	0.0	0.81	0.1	0.0	0.0
s046-c19.1-0.000-HCHFWBBXX-l4	8.12	78968.0	50.0	34851.0	44.13	49.82	6702.0	6648.0	6641.0	49.0	7.0	5.0	0.13	0.0	1.46	0.0	1.22	5770.0	7.31	83.0	0.11	0.0	48.4	0.06	0.0	0.0
s131-c37-0.000-HFJTMBBXX-l2	206.33	17996991.0	50.0	14156140.0	78.66	49.84	2439208.0	2422440.0	2419231.0	15014.0	2346.0	2617.0	0.11	0.0	1.45	0.0	1.19	2391807.0	13.29	37548.0	0.21	0.0	7.73	0.11	0.0	0.0
s089-c18-2.500-HFJYFBBXX-l2	198.48	13838293.0	50.0	10288151.0	74.35	49.92	2343333.0	2325945.0	2326192.0	13769.0	1759.0	1613.0	0.1	0.0	1.35	0.0	1.24	2830196.0	20.45	35144.0	0.25	0.0	4.89	0.06	0.0	0.0
s070-c10.1-5.000-HCMNYBBXX-l2	120.13	12313782.0	50.0	8294255.0	67.36	49.88	1951821.0	1936748.0	1937836.0	11268.0	1196.0	1521.0	0.13	0.0	1.4	0.0	1.28	2404992.0	19.53	27735.0	0.23	0.0	12.83	0.06	0.0	0.0
s149-c44-2.500-HCN2JBBXX-l5	31.15	16563172.0	50.0	11283915.0	68.13	49.84	2258451.0	2244510.0	2241134.0	13366.0	1904.0	2047.0	0.13	0.0	1.37	0.0	1.2	2372308.0	14.32	31154.0	0.19	0.0	17.31	0.06	0.0	0.0
s166-c54.1-0.000-HFWGVBBXX-l1	81.38	20277899.0	50.0	17203114.0	84.84	49.83	3091413.0	3070260.0	3063773.0	21454.0	2907.0	3279.0	0.13	0.0	1.47	0.0	1.21	2565544.0	12.65	37090.0	0.18	0.0	2.23	0.1	0.0	0.0
s014-c60.1-2.500-HCGYCBBXX-l5	189.11	19646125.0	50.0	15747891.0	80.16	49.85	3203257.0	3184715.0	3177492.0	20164.0	2262.0	3339.0	0.18	0.0	1.37	0.0	1.22	3753628.0	19.11	47155.0	0.24	0.0	0.44	0.06	0.0	0.0
s170-c54.1-5.000-HCN2JBBXX-l6	42.26	4484329.0	50.0	3097586.0	69.08	49.83	620589.0	616752.0	616915.0	2805.0	430.0	439.0	0.12	0.0	1.32	0.0	1.2	863089.0	19.25	12000.0	0.27	0.0	11.35	0.06	0.0	0.0
s158-c48.1-1.250-HFJTMBBXX-l3	140.91	18357210.0	50.0	14557018.0	79.3	49.83	2869502.0	2849871.0	2846103.0	17863.0	2662.0	2874.0	0.13	0.0	1.31	0.0	1.19	3063618.0	16.69	44690.0	0.24	0.0	3.69	0.08	0.0	0.0
s031-c39.1-0.000-HCHFWBBXX-l3	125.74	22318799.0	50.0	19307417.0	86.51	49.89	3493898.0	3470314.0	3460025.0	27354.0	3037.0	3482.0	0.13	0.0	1.42	0.0	1.26	2827442.0	12.67	40569.0	0.18	0.0	0.54	0.1	0.0	0.0
s189-c62-2.500-HFJTMBBXX-l4	80.82	20136848.0	50.0	15586933.0	77.41	49.85	3189573.0	3171396.0	3166752.0	17810.0	2450.0	2561.0	0.13	0.0	1.35	0.0	1.19	3059798.0	15.2	47030.0	0.23	0.0	7.1	0.06	0.0	0.0
s047-c19.1-0.625-HCMYYBBXX-l6	193.18	7083432.0	50.0	5663805.0	79.96	49.83	934724.0	924784.0	926029.0	6617.0	874.0	1204.0	0.13	0.0	1.4	0.0	1.22	935997.0	13.21	15650.0	0.22	0.0	6.46	0.14	0.0	0.0
s141-c43.1-0.000-HFJTMBBXX-l3	172.79	18622694.0	50.0	16124597.0	86.59	49.83	2785678.0	2766180.0	2759242.0	20794.0	2391.0	3251.0	0.13	0.0	1.44	0.0	1.22	2040075.0	10.95	32613.0	0.18	0.0	2.16	0.12	0.0	0.0
s012-c60.1-0.625-HCGYCBBXX-l5	152.92	14017816.0	50.0	12135166.0	86.57	49.85	2000360.0	1982200.0	1981382.0	14769.0	1663.0	2546.0	0.18	0.0	1.44	0.0	1.23	1766332.0	12.6	28860.0	0.21	0.0	0.49	0.14	0.0	0.0
s062-c25.1-0.625-HCHFWBBXX-l5	292.6	19344377.0	50.0	17053484.0	88.16	49.82	2730726.0	2704490.0	2704226.0	20555.0	2532.0	3413.0	0.14	0.0	1.41	0.0	1.22	2064053.0	10.67	38835.0	0.2	0.0	0.81	0.16	0.0	0.0
s222-c52.2-0.625-HCMJNBBXX-l6	246.7	34743097.0	50.0	30098258.0	86.63	49.83	5040084.0	4994430.0	4994333.0	35374.0	4183.0	6194.0	0.13	0.0	1.46	0.0	1.22	3734437.0	10.75	67160.0	0.19	0.0	2.28	0.14	0.0	0.0
s159-c48.1-2.500-HFJTMBBXX-l3	97.88	29037652.0	50.0	21723800.0	74.81	49.84	4378255.0	4351696.0	4342874.0	27072.0	4063.0	4246.0	0.13	0.0	1.32	0.0	1.2	5597516.0	19.28	77512.0	0.27	0.0	5.57	0.07	0.0	0.0
s162-c51-0.625-HCN2JBBXX-l6	29.85	8225664.0	50.0	7105848.0	86.39	49.81	1355209.0	1345080.0	1346055.0	6834.0	793.0	1527.0	0.14	0.0	1.5	0.0	1.25	864226.0	10.51	16079.0	0.2	0.0	2.78	0.13	0.0	0.0
s014-c60.1-2.500-HCMYYBBXX-l4	173.69	3956180.0	50.0	3176027.0	80.28	49.86	645840.0	642006.0	640660.0	4054.0	438.0	688.0	0.12	0.01	1.38	0.0	1.24	742561.0	18.77	9851.0	0.25	0.0	0.64	0.06	0.0	0.0
s146-c44-0.000-HFJTMBBXX-l3	203.64	18045046.0	50.0	15514710.0	85.98	49.86	2734825.0	2716631.0	2710726.0	18822.0	2533.0	2744.0	0.12	0.0	1.44	0.0	1.21	2114264.0	11.72	34870.0	0.19	0.0	2.0	0.11	0.0	0.0
s224-c52.2-2.500-HCMJNBBXX-l6	91.06	17984536.0	50.0	13306497.0	73.99	49.82	2756332.0	2739635.0	2736694.0	15079.0	2002.0	2557.0	0.13	0.0	1.37	0.0	1.2	3563057.0	19.81	46250.0	0.26	0.0	5.88	0.06	0.0	0.0
s064-c25.1-2.500-HCHFWBBXX-l5	127.41	16315502.0	50.0	13494097.0	82.71	49.83	2588810.0	2570227.0	2564982.0	19175.0	2060.0	2593.0	0.14	0.01	1.28	0.0	1.21	2673957.0	16.39	39484.0	0.24	0.0	0.57	0.09	0.0	0.0
s047-c19.1-0.625-HCHFWBBXX-l4	216.02	20761758.0	50.0	16874138.0	81.28	49.82	2779668.0	2750097.0	2753531.0	20049.0	2558.0	3530.0	0.14	0.0	1.4	0.0	1.21	2793850.0	13.46	46106.0	0.22	0.0	4.91	0.14	0.0	0.0
s206-c14-0.000-HCMJNBBXX-l5	84.38	16359462.0	50.0	12928418.0	79.03	49.84	2287364.0	2271681.0	2266841.0	15989.0	2236.0	2298.0	0.13	0.0	1.44	0.0	1.2	2174499.0	13.29	32088.0	0.2	0.0	7.38	0.1	0.0	0.0
s110-c30-5.000-HCMNYBBXX-l3	36.08	20032416.0	50.0	15196018.0	75.86	49.89	3230004.0	3208973.0	3206417.0	18398.0	2653.0	2536.0	0.17	0.0	1.4	0.0	1.22	3746327.0	18.7	55770.0	0.28	0.0	5.1	0.07	0.0	0.0
s012-c60.1-0.625-HCMYYBBXX-l4	53.18	1565917.0	50.0	1349820.0	86.2	49.86	223639.0	221543.0	221571.0	1600.0	193.0	275.0	0.12	0.0	1.45	0.0	1.23	193837.0	12.38	3258.0	0.21	0.0	1.08	0.13	0.0	0.0
s111-c31.1-0.000-HCHFWBBXX-l6	135.02	21866090.0	50.0	18896968.0	86.42	49.89	3484744.0	3459407.0	3453327.0	25011.0	3017.0	3389.0	0.12	0.0	1.47	0.0	1.24	2452682.0	11.22	38869.0	0.18	0.0	2.08	0.11	0.0	0.0
s173-c55.1-1.250-HFWGVBBXX-l1	109.3	19309364.0	50.0	14698196.0	76.12	49.84	2864152.0	2844580.0	2841752.0	17402.0	2379.0	2619.0	0.14	0.0	1.38	0.0	1.21	3027380.0	15.68	42440.0	0.22	0.0	7.92	0.07	0.0	0.0
s122-c35-0.625-HCMJNBBXX-l3	177.46	38892432.0	50.0	33038527.0	84.95	49.88	5614177.0	5561782.0	5561134.0	41352.0	5206.0	6485.0	0.16	0.0	1.49	0.0	1.24	4942480.0	12.71	78518.0	0.2	0.0	2.01	0.13	0.0	0.0
s140-c38-5.000-HCMJNBBXX-l3	30.8	34180766.0	50.0	23706200.0	69.36	49.85	4698427.0	4670499.0	4661742.0	28466.0	4129.0	4090.0	0.17	0.0	1.41	0.0	1.19	6608310.0	19.33	83872.0	0.25	0.0	11.0	0.06	0.0	0.0
s040-c2.1-5.000-HCHFWBBXX-l3	165.22	20744487.0	50.0	16292503.0	78.54	49.87	3363615.0	3343496.0	3336602.0	20630.0	3214.0	3169.0	0.15	0.0	1.38	0.0	1.22	3812901.0	18.38	53545.0	0.26	0.0	2.76	0.07	0.0	0.0
s160-c48.1-5.000-HFJTMBBXX-l3	129.64	17752882.0	50.0	13371996.0	75.32	49.84	2750375.0	2733590.0	2728050.0	17268.0	2499.0	2558.0	0.13	0.0	1.35	0.0	1.18	3161274.0	17.81	43839.0	0.25	0.0	6.56	0.07	0.0	0.0
s038-c2.1-1.250-HCMYYBBXX-l5	21.99	7226639.0	50.0	5625397.0	77.84	49.85	1091688.0	1084005.0	1083027.0	6479.0	1064.0	1118.0	0.12	0.0	1.29	0.0	1.21	1478470.0	20.46	19424.0	0.27	0.0	1.37	0.06	0.0	0.0
s167-c54.1-0.625-HFWGVBBXX-l1	157.48	21478484.0	50.0	18077196.0	84.16	49.83	2984636.0	2955274.0	2955976.0	22203.0	2766.0	3691.0	0.13	0.0	1.48	0.0	1.21	2494273.0	11.61	43364.0	0.2	0.0	3.87	0.15	0.0	0.0
s005-c64-5.000-HCGYCBBXX-l5	160.88	23863653.0	50.0	18881836.0	79.12	49.87	3281141.0	3262390.0	3256788.0	18552.0	2932.0	2869.0	0.16	0.01	1.49	0.01	1.22	4375040.0	18.33	76522.0	0.32	0.0	2.14	0.08	0.0	0.0
s039-c2.1-2.500-HCHFWBBXX-l3	155.82	20300224.0	50.0	15953661.0	78.59	49.85	3245511.0	3224652.0	3219691.0	19646.0	3036.0	3138.0	0.15	0.0	1.32	0.0	1.21	4160789.0	20.5	52192.0	0.26	0.0	0.6	0.06	0.0	0.0
s081-c17.1-0.000-HFJYFBBXX-l2	104.36	10986688.0	50.0	8472629.0	77.12	49.91	1579080.0	1562722.0	1565137.0	10941.0	1363.0	1639.0	0.1	0.0	1.4	0.0	1.27	1457068.0	13.26	24317.0	0.22	0.0	9.24	0.16	0.0	0.0
s015-c60.1-5.000-HCGYCBBXX-l5	165.49	8688375.0	50.0	6883045.0	79.22	49.87	1426668.0	1418132.0	1415038.0	9166.0	999.0	1465.0	0.17	0.0	1.35	0.0	1.24	1715595.0	19.75	21389.0	0.25	0.0	0.72	0.07	0.0	0.0
s071-c11.1-0.000-HCHFWBBXX-l5	104.4	25200515.0	50.0	21062110.0	83.58	49.89	4355154.0	4320398.0	4316193.0	31863.0	3219.0	3879.0	0.12	0.0	1.51	0.0	1.31	3085708.0	12.24	43036.0	0.17	0.0	3.91	0.09	0.0	0.0
s099-c22-2.500-HCMJNBBXX-l2	81.67	16811106.0	50.0	8518047.0	50.67	49.89	1832689.0	1820031.0	1819509.0	10507.0	1471.0	1202.0	0.12	0.0	1.4	0.0	1.22	3432792.0	20.42	36313.0	0.22	0.0	28.64	0.05	0.0	0.0
s161-c51-0.000-HFWGVBBXX-l1	106.53	23258205.0	50.0	19981339.0	85.91	49.83	4018047.0	3999153.0	3993123.0	18579.0	2547.0	3798.0	0.14	0.0	1.51	0.0	1.24	2648550.0	11.39	41583.0	0.18	0.0	2.43	0.09	0.0	0.0
s123-c35-1.250-HFJTMBBXX-l2	252.25	9319183.0	50.0	7381633.0	79.21	49.84	1405809.0	1393829.0	1394219.0	8915.0	1162.0	1513.0	0.13	0.0	1.47	0.0	1.24	1568187.0	16.83	22748.0	0.24	0.0	3.62	0.1	0.0	0.0
s155-c45-5.000-HCN2JBBXX-l5	29.96	19476823.0	50.0	15289686.0	78.5	49.84	3057207.0	3038942.0	3035058.0	17024.0	2468.0	2657.0	0.12	0.0	1.33	0.0	1.2	2941978.0	15.11	44054.0	0.23	0.0	6.1	0.07	0.0	0.0
s128-c36-1.250-HFJTMBBXX-l2	149.79	16102548.0	50.0	10082547.0	62.61	49.84	1946779.0	1933634.0	1931976.0	11213.0	1759.0	1831.0	0.12	0.0	1.39	0.0	1.2	2442428.0	15.17	38129.0	0.24	0.0	21.92	0.06	0.0	0.0
s164-c51-2.500-HFWGVBBXX-l1	89.77	22841595.0	50.0	17835170.0	78.08	49.83	4310250.0	4293830.0	4293285.0	12367.0	1360.0	3238.0	0.14	0.0	1.45	0.0	1.27	3346496.0	14.65	44649.0	0.2	0.0	7.02	0.05	0.0	0.0
s046-c19.1-0.000-HCMYYBBXX-l6	11.89	59451.0	50.0	22067.0	37.12	49.79	4380.0	4351.0	4336.0	37.0	3.0	4.0	0.12	0.0	1.67	0.0	1.08	3811.0	6.41	71.0	0.12	0.0	56.29	0.06	0.0	0.0
s197-c72-0.625-HFJTMBBXX-l4	241.36	13811006.0	50.0	10249416.0	74.21	49.85	1713314.0	1695898.0	1698369.0	11515.0	1535.0	1895.0	0.13	0.0	1.4	0.0	1.21	1932966.0	14.0	31613.0	0.23	0.0	11.44	0.12	0.0	0.0
s138-c38-1.250-HFJTMBBXX-l2	116.5	18348430.0	50.0	13136374.0	71.59	49.85	2526112.0	2510532.0	2506513.0	15207.0	2191.0	2201.0	0.12	0.0	1.38	0.0	1.2	3114525.0	16.97	43107.0	0.23	0.0	11.13	0.06	0.0	0.0
s079-c12.1-2.500-HCHFWBBXX-l5	91.52	16956069.0	50.0	12526307.0	73.88	49.92	2797523.0	2776707.0	2776820.0	16519.0	1923.0	2261.0	0.12	0.0	1.27	0.0	1.28	3410657.0	20.11	37835.0	0.22	0.0	5.72	0.06	0.0	0.0
s093-c27-1.250-HFJYFBBXX-l2	45.76	35287489.0	50.0	25508548.0	72.29	49.89	5785833.0	5745882.0	5747513.0	29764.0	3423.0	5133.0	0.12	0.0	1.44	0.0	1.33	7931320.0	22.48	99664.0	0.28	0.0	4.89	0.06	0.0	0.0
s144-c43.1-2.500-HCN2JBBXX-l5	16.55	13725103.0	50.0	10542750.0	76.81	49.85	2130710.0	2116478.0	2115115.0	12016.0	1631.0	1948.0	0.13	0.01	1.31	0.0	1.21	2357873.0	17.18	31520.0	0.23	0.0	5.7	0.08	0.0	0.0
s195-c63.1-5.000-HCMJNBBXX-l4	59.8	20779265.0	50.0	15798079.0	76.03	49.85	3163036.0	3144063.0	3140029.0	17949.0	2217.0	2841.0	0.14	0.01	1.37	0.0	1.22	3658449.0	17.61	50584.0	0.24	0.0	6.06	0.07	0.0	0.0
s083-c17.1-1.250-HCMJNBBXX-l2	31.68	18667608.0	50.0	8893492.0	47.64	49.92	1894117.0	1878453.0	1879844.0	11271.0	1500.0	1502.0	0.12	0.0	1.28	0.0	1.29	3729590.0	19.98	37434.0	0.2	0.0	32.13	0.05	0.0	0.0
s142-c43.1-0.625-HCN2JBBXX-l5	15.92	15710936.0	50.0	13505481.0	85.96	49.86	2095564.0	2075843.0	2074456.0	16581.0	1872.0	2655.0	0.12	0.01	1.43	0.0	1.24	1759883.0	11.2	35580.0	0.23	0.0	2.43	0.18	0.0	0.0
s077-c12.1-0.625-HCMNYBBXX-l2	102.39	13140043.0	50.0	11131497.0	84.71	49.88	1878721.0	1857056.0	1860982.0	13885.0	1682.0	2172.0	0.12	0.0	1.4	0.0	1.31	1534276.0	11.68	25848.0	0.2	0.0	3.27	0.14	0.0	0.0
s119-c33.1-2.500-HCHFWBBXX-l6	221.83	24155301.0	50.0	16812628.0	69.6	49.74	3436483.0	3407984.0	3407346.0	21614.0	2874.0	4649.0	0.16	0.0	1.53	0.0	1.24	5281437.0	21.86	65014.0	0.27	0.0	8.19	0.08	0.0	0.0
s088-c18-1.250-HFJYFBBXX-l2	336.47	9439906.0	50.0	6944534.0	73.57	49.91	1565306.0	1552655.0	1553421.0	9419.0	1235.0	1231.0	0.1	0.0	1.34	0.0	1.26	2061012.0	21.83	26493.0	0.28	0.0	4.26	0.06	0.0	0.0
s017-c47.1-0.625-HCGYCBBXX-l5	416.14	15952013.0	50.0	13818234.0	86.62	49.88	2253698.0	2231919.0	2231437.0	17574.0	1996.0	2691.0	0.17	0.0	1.41	0.0	1.2	1965130.0	12.32	38892.0	0.24	0.0	0.66	0.15	0.0	0.0
s201-c73.1-0.000-HFWGVBBXX-l2	52.01	5215876.0	50.0	4379692.0	83.97	49.84	755864.0	750561.0	748512.0	5597.0	772.0	983.0	0.12	0.0	1.49	0.0	1.21	658958.0	12.63	10700.0	0.21	0.0	3.07	0.13	0.0	0.0
s211-c26.2-0.000-HFWGVBBXX-l2	137.44	27182334.0	50.0	23773649.0	87.46	49.83	4292881.0	4261734.0	4253193.0	30843.0	3881.0	4964.0	0.12	0.0	1.46	0.0	1.21	2921879.0	10.75	48249.0	0.18	0.0	1.51	0.1	0.0	0.0
s103-c29.1-1.250-HCHFWBBXX-l6	123.51	17600452.0	50.0	14070179.0	79.94	49.79	2303286.0	2277226.0	2282446.0	15152.0	1937.0	3751.0	0.14	0.01	1.39	0.0	1.22	2528239.0	14.36	41701.0	0.24	0.0	5.31	0.15	0.0	0.0
s148-c44-1.250-HCN2JBBXX-l5	34.21	28166240.0	50.0	21328614.0	75.72	49.85	4085911.0	4060258.0	4053498.0	25313.0	3333.0	3767.0	0.12	0.0	1.34	0.0	1.21	4296967.0	15.26	61761.0	0.22	0.0	8.74	0.07	0.0	0.0
s130-c36-5.000-HCMJNBBXX-l3	40.79	12995442.0	50.0	7401755.0	56.96	49.84	1465555.0	1456495.0	1454706.0	8252.0	1332.0	1265.0	0.17	0.0	1.38	0.0	1.2	2119174.0	16.31	28791.0	0.22	0.0	26.46	0.05	0.0	0.0
s025-c21.1-5.000-HCMYYBBXX-l5	143.19	22193985.0	50.0	17335903.0	78.11	49.88	3327350.0	3305648.0	3299835.0	21637.0	2644.0	3234.0	0.12	0.0	1.31	0.0	1.2	4619346.0	20.81	56535.0	0.25	0.0	0.74	0.08	0.0	0.0
s135-c37-5.000-HFJTMBBXX-l2	124.62	26759145.0	50.0	14951946.0	55.88	49.86	3034777.0	3017167.0	3013157.0	16455.0	2450.0	2715.0	0.11	0.0	1.37	0.0	1.18	4313574.0	16.12	59126.0	0.22	0.0	27.73	0.05	0.0	0.0
s043-c15.1-1.250-HCHFWBBXX-l4	17.62	29363.0	50.0	22054.0	75.11	49.87	4139.0	4102.0	4102.0	25.0	3.0	9.0	0.12	0.0	1.35	0.0	1.22	4362.0	14.86	90.0	0.31	0.0	9.61	0.12	0.0	0.0
s221-c52.2-0.000-HFWGVBBXX-l3	81.32	40680891.0	50.0	35168134.0	86.45	49.84	6374394.0	6332713.0	6320654.0	41676.0	5392.0	6672.0	0.13	0.0	1.48	0.0	1.22	4637064.0	11.4	79817.0	0.2	0.0	1.84	0.12	0.0	0.0
s229-c58.2-2.500-HCMJNBBXX-l6	117.14	22289226.0	50.0	16726969.0	75.05	49.82	3443174.0	3421799.0	3416503.0	21075.0	2351.0	3245.0	0.13	0.0	1.26	0.0	1.21	4037712.0	18.12	48315.0	0.22	0.0	6.56	0.06	0.0	0.0
s010-c41-5.000-HCMYYBBXX-l4	117.79	16555830.0	50.0	13181207.0	79.62	49.87	2700604.0	2685211.0	2680131.0	15900.0	2347.0	2226.0	0.12	0.0	1.44	0.0	1.2	3201469.0	19.34	47123.0	0.28	0.0	0.69	0.07	0.0	0.0
s001-c64-0.000-HCMYYBBXX-l4	104.16	15334098.0	50.0	13311857.0	86.81	49.86	2388147.0	2372363.0	2369297.0	14658.0	2099.0	2093.0	0.12	0.0	1.5	0.01	1.22	1803845.0	11.76	31635.0	0.21	0.0	1.1	0.12	0.0	0.0
s115-c31.1-5.000-HCMNYBBXX-l3	38.54	14365121.0	50.0	11031837.0	76.8	49.84	2172781.0	2157918.0	2157002.0	12254.0	1500.0	2025.0	0.19	0.01	1.34	0.0	1.21	2615943.0	18.21	34890.0	0.24	0.0	4.67	0.08	0.0	0.0
s004-c64-2.500-HCMYYBBXX-l4	131.39	25693443.0	50.0	20607793.0	80.21	49.88	4199451.0	4175568.0	4170266.0	22610.0	3315.0	3260.0	0.12	0.0	1.41	0.0	1.2	4596864.0	17.89	69854.0	0.27	0.0	1.56	0.07	0.0	0.0
s016-c47.1-0.000-HCMYYBBXX-l4	110.12	13856724.0	50.0	11621170.0	83.87	49.9	2126026.0	2110902.0	2106004.0	16279.0	1777.0	1966.0	0.1	0.0	1.4	0.0	1.2	1568557.0	11.32	27002.0	0.19	0.0	4.51	0.11	0.0	0.0
s095-c27-5.000-HCMJNBBXX-l2	127.58	18108638.0	50.0	13240285.0	73.12	49.91	3064035.0	3045098.0	3044392.0	15644.0	1810.0	2189.0	0.12	0.0	1.37	0.0	1.31	3645142.0	20.13	44991.0	0.25	0.0	6.44	0.06	0.0	0.0
s120-c33.1-5.000-HCHFWBBXX-l6	257.85	23923133.0	50.0	15636678.0	65.36	49.89	3078544.0	3056960.0	3060934.0	13272.0	2209.0	2129.0	0.12	0.01	1.38	0.0	1.23	6281775.0	26.26	75345.0	0.31	0.0	8.0	0.06	0.0	0.0
s188-c62-1.250-HFJTMBBXX-l4	111.48	21027089.0	50.0	16532167.0	78.62	49.84	3209989.0	3190453.0	3186302.0	18262.0	2512.0	2913.0	0.13	0.0	1.34	0.0	1.2	3434936.0	16.34	52990.0	0.25	0.0	4.72	0.07	0.0	0.0
s129-c36-2.500-HCMJNBBXX-l3	24.2	17605696.0	50.0	10309652.0	58.56	49.85	2038543.0	2025252.0	2023828.0	11244.0	1806.0	1665.0	0.17	0.0	1.41	0.0	1.21	2720833.0	15.45	38377.0	0.22	0.0	25.71	0.05	0.0	0.0
s207-c14-0.625-HFWGVBBXX-l2	160.15	20596839.0	50.0	12674561.0	61.54	49.82	2218915.0	2195289.0	2199700.0	14386.0	2039.0	2790.0	0.14	0.01	1.39	0.0	1.2	4136063.0	20.08	55016.0	0.27	0.0	18.03	0.09	0.0	0.0
s101-c29.1-0.000-HCMNYBBXX-l3	68.2	11461571.0	50.0	9669014.0	84.36	49.9	1804959.0	1790963.0	1789331.0	12476.0	1508.0	1644.0	0.16	0.0	1.45	0.0	1.24	1420787.0	12.4	23687.0	0.21	0.0	2.91	0.13	0.0	0.0
s227-c58.2-0.625-HCMJNBBXX-l6	144.6	38961633.0	50.0	33160902.0	85.11	49.82	5526998.0	5473405.0	5471721.0	43009.0	4863.0	7405.0	0.13	0.0	1.38	0.0	1.23	4630715.0	11.89	73982.0	0.19	0.0	2.69	0.13	0.0	0.0
s230-c58.2-5.000-HFWGVBBXX-l3	122.1	39681351.0	50.0	31876467.0	80.33	49.83	6688659.0	6647581.0	6635895.0	41484.0	4755.0	6525.0	0.13	0.0	1.26	0.0	1.19	6153855.0	15.51	84081.0	0.21	0.0	3.88	0.06	0.0	0.0
s153-c45-1.250-HFJTMBBXX-l3	145.37	17282749.0	50.0	13333374.0	77.15	49.83	2483547.0	2464415.0	2464576.0	14473.0	2047.0	2451.0	0.14	0.0	1.34	0.0	1.21	2893423.0	16.74	53914.0	0.31	0.0	5.7	0.09	0.0	0.0
s020-c47.1-5.000-HCGYCBBXX-l5	157.14	20079394.0	50.0	16290068.0	81.13	49.85	3435019.0	3411529.0	3407439.0	22196.0	2304.0	3080.0	0.18	0.0	1.33	0.0	1.18	3566812.0	17.76	47901.0	0.24	0.0	0.8	0.07	0.0	0.0
s031-c39.1-0.000-HCMYYBBXX-l5	134.3	14847331.0	50.0	12830101.0	86.41	49.89	2322901.0	2306974.0	2300764.0	17777.0	2059.0	2301.0	0.1	0.0	1.41	0.0	1.25	1877285.0	12.64	27030.0	0.18	0.0	0.66	0.1	0.0	0.0
s009-c41-2.500-HCMYYBBXX-l4	108.17	16856784.0	50.0	13091242.0	77.66	49.86	2666980.0	2651730.0	2647660.0	14990.0	2177.0	2153.0	0.12	0.0	1.43	0.0	1.19	3386492.0	20.09	44627.0	0.26	0.0	1.92	0.06	0.0	0.0
s056-c32-0.000-HCHFWBBXX-l4	173.58	14513153.0	50.0	247381.0	1.7	49.72	44458.0	44168.0	44058.0	286.0	47.0	67.0	0.17	0.01	1.39	0.0	1.23	163600.0	1.13	2215.0	0.02	0.0	97.14	0.02	0.0	0.0
s175-c55.1-5.000-HFWGVBBXX-l1	101.3	20542118.0	50.0	14685372.0	71.49	49.83	2983257.0	2964489.0	2960982.0	17274.0	2477.0	2524.0	0.13	0.0	1.35	0.0	1.2	3344115.0	16.28	44941.0	0.22	0.0	11.95	0.06	0.0	0.0
s183-c57-1.250-HFJTMBBXX-l4	58.18	14818849.0	50.0	8984882.0	60.63	49.83	1680761.0	1668991.0	1666937.0	10432.0	1729.0	1663.0	0.13	0.0	1.3	0.0	1.21	3313778.0	22.36	45531.0	0.31	0.0	16.64	0.06	0.0	0.0
s107-c30-0.625-HCHFWBBXX-l6	107.12	18597261.0	50.0	15407236.0	82.85	49.89	2722797.0	2692349.0	2698907.0	18555.0	2347.0	2988.0	0.13	0.0	1.44	0.0	1.23	2506504.0	13.48	132189.0	0.71	0.0	2.8	0.17	0.0	0.0
s077-c12.1-0.625-HCHFWBBXX-l5	105.63	19951418.0	50.0	17060912.0	85.51	49.88	2881977.0	2848962.0	2854846.0	21398.0	2451.0	3282.0	0.12	0.0	1.4	0.0	1.32	2317155.0	11.61	39959.0	0.2	0.0	2.53	0.14	0.0	0.0
s013-c60.1-1.250-HCGYCBBXX-l5	180.4	17788965.0	50.0	14568126.0	81.89	49.81	2577244.0	2552011.0	2554265.0	17562.0	1908.0	3509.0	0.19	0.0	1.39	0.0	1.23	3021955.0	16.99	41623.0	0.23	0.0	0.78	0.11	0.0	0.0
s018-c47.1-1.250-HCMYYBBXX-l4	101.38	23064693.0	50.0	18728092.0	81.2	49.87	3656747.0	3625399.0	3626415.0	23814.0	2711.0	3807.0	0.12	0.0	1.37	0.0	1.2	3863635.0	16.75	94213.0	0.41	0.0	1.53	0.11	0.0	0.0
s079-c12.1-2.500-HCMNYBBXX-l2	35.28	21706103.0	50.0	15742510.0	72.53	49.92	3515350.0	3489235.0	3489559.0	20833.0	2241.0	2717.0	0.12	0.0	1.27	0.0	1.27	4384641.0	20.2	47439.0	0.22	0.0	6.99	0.07	0.0	0.0
s086-c18-0.000-HCMJNBBXX-l2	180.75	45640060.0	50.0	38563904.0	84.5	49.91	7556946.0	7501719.0	7490485.0	53067.0	6765.0	6629.0	0.1	0.0	1.47	0.0	1.28	5791874.0	12.69	94436.0	0.21	0.0	2.5	0.11	0.0	0.0
s178-c56-1.250-HCN2JBBXX-l6	28.66	5795497.0	50.0	4474313.0	77.2	49.83	861908.0	856177.0	855011.0	5219.0	795.0	883.0	0.13	0.0	1.38	0.0	1.2	1045724.0	18.04	15259.0	0.26	0.0	4.41	0.08	0.0	0.0
s117-c33.1-0.625-HCHFWBBXX-l6	263.26	23474072.0	50.0	20180783.0	85.97	49.85	3294529.0	3264658.0	3262868.0	24881.0	2865.0	3915.0	0.12	0.0	1.48	0.0	1.22	2338206.0	9.96	44091.0	0.19	0.0	3.73	0.15	0.0	0.0
s198-c72-1.250-HCMJNBBXX-l4	108.71	24791879.0	50.0	18367280.0	74.09	49.85	3531841.0	3510028.0	3503787.0	21812.0	3250.0	2992.0	0.13	0.0	1.34	0.0	1.2	4106048.0	16.56	53604.0	0.22	0.0	9.07	0.06	0.0	0.0
s019-c47.1-2.500-HCGYCBBXX-l5	127.35	15883585.0	50.0	12769326.0	80.39	49.84	2673359.0	2655163.0	2651913.0	17014.0	1879.0	2553.0	0.18	0.0	1.34	0.0	1.18	2981165.0	18.77	37850.0	0.24	0.0	0.53	0.07	0.0	0.0
s176-c56-0.000-HFWGVBBXX-l1	140.61	25427548.0	50.0	22228198.0	87.42	49.82	3911847.0	3886308.0	3877590.0	26225.0	3734.0	4298.0	0.13	0.0	1.48	0.0	1.23	2712282.0	10.67	50380.0	0.2	0.0	1.6	0.12	0.0	0.0
s024-c21.1-2.500-HCHFWBBXX-l3	90.62	17923433.0	50.0	14089220.0	78.61	49.85	2829053.0	2811297.0	2806828.0	17685.0	2063.0	2477.0	0.15	0.0	1.28	0.0	1.19	3622104.0	20.21	42125.0	0.24	0.0	0.88	0.07	0.0	0.0
s030-c70.1-5.000-HCMYYBBXX-l5	72.18	4891990.0	50.0	3976028.0	81.28	49.87	820481.0	815686.0	814436.0	4769.0	635.0	641.0	0.11	0.0	1.35	0.0	1.19	862460.0	17.63	12125.0	0.25	0.0	0.78	0.07	0.0	0.0
s193-c63.1-1.250-HCMJNBBXX-l4	82.54	18731826.0	50.0	14988671.0	80.02	49.85	2660306.0	2633933.0	2638093.0	17046.0	2031.0	3136.0	0.14	0.0	1.42	0.0	1.23	2865391.0	15.3	57880.0	0.31	0.0	4.26	0.12	0.0	0.0
s169-c54.1-2.500-HFWGVBBXX-l1	91.09	21076233.0	50.0	15619284.0	74.11	49.84	3198511.0	3179366.0	3174556.0	18749.0	2485.0	2721.0	0.14	0.0	1.35	0.0	1.19	3893528.0	18.47	48283.0	0.23	0.0	7.12	0.07	0.0	0.0
s057-c32-0.625-HCMYYBBXX-l6	127.57	25584412.0	50.0	4151929.0	16.23	49.59	641472.0	633514.0	635083.0	4191.0	407.0	1791.0	0.17	0.01	1.49	0.0	1.25	1492085.0	5.83	21546.0	0.08	0.0	77.8	0.05	0.0	0.0
s071-c11.1-0.000-HCMNYBBXX-l2	92.55	9717616.0	50.0	8076075.0	83.11	49.89	1661872.0	1648742.0	1647128.0	12035.0	1283.0	1426.0	0.12	0.0	1.49	0.0	1.31	1200918.0	12.36	16311.0	0.17	0.0	4.27	0.09	0.0	0.0
s044-c15.1-2.500-HCMYYBBXX-l6	78.13	32684035.0	50.0	24020476.0	73.49	49.82	4825596.0	4792670.0	4787182.0	28087.0	4354.0	5973.0	0.13	0.0	1.4	0.0	1.21	7159942.0	21.91	84232.0	0.26	0.0	4.28	0.06	0.0	0.0
s085-c17.1-5.000-HCMJNBBXX-l2	233.19	13019954.0	50.0	5806158.0	44.59	49.9	1332019.0	1320155.0	1322162.0	7694.0	1037.0	1126.0	0.12	0.0	1.2	0.0	1.28	1781792.0	13.69	20869.0	0.16	0.0	41.51	0.05	0.0	0.0
s042-c15.1-0.625-HCMYYBBXX-l6	81.81	26451095.0	50.0	22224745.0	84.02	49.82	3737195.0	3698730.0	3702271.0	26195.0	3586.0	5143.0	0.13	0.0	1.45	0.0	1.21	3805929.0	14.39	62784.0	0.24	0.0	1.21	0.14	0.0	0.0
s171-c55.1-0.000-HCN2JBBXX-l6	48.72	5088450.0	50.0	4373520.0	85.95	49.82	764767.0	759405.0	757953.0	5278.0	750.0	786.0	0.12	0.0	1.48	0.01	1.23	550855.0	10.83	9423.0	0.19	0.0	2.93	0.11	0.0	0.0
s022-c21.1-0.625-HCHFWBBXX-l3	151.4	21196507.0	50.0	18247970.0	86.09	49.86	2866272.0	2838083.0	2838162.0	21889.0	2686.0	3535.0	0.15	0.0	1.39	0.01	1.22	2685596.0	12.67	44257.0	0.21	0.0	0.89	0.15	0.0	0.0
s036-c2.1-0.000-HCMYYBBXX-l5	55.14	19329201.0	50.0	16785079.0	86.84	49.88	2993363.0	2973281.0	2966089.0	21180.0	3057.0	3037.0	0.1	0.0	1.45	0.0	1.29	2379657.0	12.31	40389.0	0.21	0.0	0.53	0.11	0.0	0.0
s157-c48.1-0.625-HFJTMBBXX-l3	149.89	17570076.0	50.0	14820768.0	84.35	49.82	2377298.0	2352686.0	2354400.0	17534.0	2103.0	3261.0	0.13	0.0	1.4	0.0	1.21	2114070.0	12.03	39221.0	0.22	0.0	3.24	0.15	0.0	0.0
s105-c29.1-5.000-HCHFWBBXX-l6	169.19	20678907.0	50.0	15743889.0	76.14	49.89	3238708.0	3217958.0	3213495.0	19563.0	2691.0	2959.0	0.11	0.0	1.38	0.0	1.21	4051704.0	19.59	53074.0	0.26	0.0	3.94	0.08	0.0	0.0
s037-c2.1-0.625-HCHFWBBXX-l3	174.54	21284127.0	50.0	18188888.0	85.46	49.85	2935435.0	2905534.0	2907142.0	21919.0	2627.0	3747.0	0.15	0.0	1.41	0.0	1.23	2847122.0	13.38	51069.0	0.24	0.0	0.77	0.16	0.0	0.0
s064-c25.1-2.500-HCMNYBBXX-l2	376.47	7843170.0	50.0	6487123.0	82.71	49.83	1249855.0	1240978.0	1238154.0	9434.0	1010.0	1257.0	0.14	0.01	1.27	0.01	1.22	1290271.0	16.45	19200.0	0.24	0.0	0.5	0.09	0.0	0.0
s134-c37-2.500-HCMJNBBXX-l3	10.48	9399281.0	50.0	4870092.0	51.81	49.84	968061.0	962263.0	961087.0	5165.0	790.0	1019.0	0.17	0.01	1.39	0.0	1.18	1731552.0	18.42	22530.0	0.24	0.0	29.48	0.05	0.0	0.0
s023-c21.1-1.250-HCMYYBBXX-l5	198.34	27547727.0	50.0	22564903.0	81.91	49.85	3841091.0	3801689.0	3807555.0	25936.0	3092.0	4508.0	0.13	0.0	1.3	0.01	1.21	4667302.0	16.94	65961.0	0.24	0.0	0.78	0.12	0.0	0.0
s045-c15.1-5.000-HCHFWBBXX-l4	0.54	11007.0	50.0	3364.0	30.56	49.67	582.0	576.0	576.0	3.0	1.0	2.0	0.24	0.01	2.1	0.01	1.31	672.0	6.11	25.0	0.23	0.0	62.81	0.29	0.0	0.0
s048-c19.1-1.250-HCMYYBBXX-l6	102.56	5612179.0	50.0	4426886.0	78.88	49.81	898889.0	892415.0	891794.0	5376.0	777.0	942.0	0.13	0.0	1.34	0.0	1.19	1068435.0	19.04	13764.0	0.25	0.0	1.78	0.06	0.0	0.0
s131-c37-0.000-HCMJNBBXX-l3	45.97	15297061.0	50.0	12020439.0	78.58	49.84	2064638.0	2050325.0	2047807.0	12696.0	1994.0	2141.0	0.16	0.0	1.46	0.0	1.2	2035019.0	13.3	31633.0	0.21	0.0	7.8	0.11	0.0	0.0
s097-c22-0.625-HFJYFBBXX-l2	114.6	13178670.0	50.0	8527096.0	64.7	49.9	1549558.0	1532047.0	1535935.0	10924.0	1280.0	1419.0	0.11	0.0	1.4	0.0	1.25	2170175.0	16.47	42649.0	0.32	0.0	18.39	0.12	0.0	0.0
s139-c38-2.500-HCMJNBBXX-l3	78.22	18967594.0	50.0	13203495.0	69.61	49.87	2533292.0	2517944.0	2513119.0	15717.0	2320.0	2136.0	0.17	0.0	1.38	0.0	1.19	3623758.0	19.1	49366.0	0.26	0.0	10.96	0.07	0.0	0.0
s184-c57-2.500-HCMJNBBXX-l4	41.12	24091230.0	50.0	12319813.0	51.14	49.85	2342650.0	2327266.0	2323152.0	14934.0	2278.0	2286.0	0.14	0.0	1.34	0.0	1.19	5191405.0	21.55	61367.0	0.25	0.0	27.01	0.05	0.0	0.0
s062-c25.1-0.625-HCMNYBBXX-l2	106.24	3393746.0	50.0	2975672.0	87.68	49.82	475840.0	471250.0	471252.0	3601.0	410.0	577.0	0.14	0.0	1.4	0.0	1.25	363325.0	10.71	7024.0	0.21	0.0	1.25	0.16	0.0	0.0
s049-c19.1-2.500-HCHFWBBXX-l4	122.78	28273971.0	50.0	22448517.0	79.4	49.81	4713146.0	4681053.0	4676860.0	27148.0	4171.0	4967.0	0.13	0.0	1.35	0.0	1.2	5352460.0	18.93	69029.0	0.24	0.0	1.37	0.06	0.0	0.0
s109-c30-2.500-HCMNYBBXX-l3	32.98	22315290.0	50.0	16991301.0	76.14	49.87	3518198.0	3495434.0	3492594.0	19820.0	2870.0	2914.0	0.18	0.0	1.4	0.0	1.21	4306285.0	19.3	61403.0	0.28	0.0	4.22	0.07	0.0	0.0
s113-c31.1-1.250-HCMNYBBXX-l3	37.49	30662248.0	50.0	24466226.0	79.79	49.83	4617116.0	4578832.0	4582177.0	26824.0	3330.0	4785.0	0.19	0.01	1.36	0.0	1.22	5112840.0	16.67	82156.0	0.27	0.0	3.18	0.09	0.0	0.0
s181-c57-0.000-HCMJNBBXX-l4	88.73	22404807.0	50.0	18872703.0	84.24	49.86	3341513.0	3318879.0	3311575.0	23305.0	3417.0	3216.0	0.13	0.0	1.41	0.0	1.21	2601323.0	11.61	46584.0	0.21	0.0	3.83	0.11	0.0	0.0
s008-c41-1.250-HCGYCBBXX-l5	130.78	23831442.0	50.0	19767253.0	82.95	49.85	3902754.0	3875474.0	3872775.0	23002.0	3352.0	3625.0	0.17	0.0	1.43	0.0	1.21	3532124.0	14.82	57442.0	0.24	0.0	1.9	0.09	0.0	0.0
s187-c62-0.625-HCMJNBBXX-l4	40.71	14111969.0	50.0	11563612.0	81.94	49.84	1857302.0	1838239.0	1840088.0	13267.0	1620.0	2327.0	0.15	0.0	1.43	0.0	1.22	1722670.0	12.21	33699.0	0.24	0.0	5.45	0.17	0.0	0.0
s143-c43.1-1.250-HCN2JBBXX-l5	20.64	17356920.0	50.0	13149241.0	75.76	49.85	2435653.0	2412199.0	2416473.0	14594.0	1951.0	2635.0	0.13	0.01	1.38	0.0	1.21	3267563.0	18.83	45800.0	0.26	0.0	5.03	0.12	0.0	0.0
s123-c35-1.250-HCMJNBBXX-l3	527.73	11140939.0	50.0	8814290.0	79.12	49.85	1670799.0	1656499.0	1656971.0	10747.0	1378.0	1703.0	0.18	0.0	1.46	0.0	1.24	1877094.0	16.85	27230.0	0.24	0.0	3.7	0.1	0.0	0.0
s048-c19.1-1.250-HCHFWBBXX-l4	130.61	41976917.0	50.0	33248666.0	79.21	49.81	6771352.0	6722535.0	6718695.0	39344.0	6001.0	7312.0	0.14	0.0	1.33	0.0	1.19	8048573.0	19.17	102692.0	0.24	0.0	1.31	0.06	0.0	0.0
s045-c15.1-5.000-HCMYYBBXX-l6	4.36	8477.0	50.0	3344.0	39.45	49.72	585.0	584.0	578.0	5.0	1.0	1.0	0.19	0.01	1.64	0.0	1.5	627.0	7.4	12.0	0.14	0.0	52.68	0.33	0.0	0.0
s087-c18-0.625-HCMJNBBXX-l2	80.84	28205463.0	50.0	18575810.0	65.86	49.9	3386267.0	3344934.0	3355313.0	24518.0	2818.0	3618.0	0.12	0.0	1.44	0.0	1.28	3325588.0	11.79	54999.0	0.19	0.0	22.04	0.12	0.0	0.0
s025-c21.1-5.000-HCHFWBBXX-l3	83.97	19126687.0	50.0	14924154.0	78.03	49.87	2850656.0	2831879.0	2826964.0	18629.0	2247.0	2816.0	0.15	0.0	1.31	0.0	1.21	4002521.0	20.93	48235.0	0.25	0.0	0.72	0.08	0.0	0.0
s128-c36-1.250-HCMJNBBXX-l3	25.77	19354120.0	50.0	12067136.0	62.35	49.84	2324031.0	2308369.0	2306463.0	13321.0	2041.0	2206.0	0.18	0.0	1.39	0.0	1.21	2931895.0	15.15	45371.0	0.23	0.0	22.21	0.06	0.0	0.0
s150-c44-5.000-HCN2JBBXX-l5	32.58	31125285.0	50.0	22790240.0	73.22	49.83	4561566.0	4531953.0	4525872.0	27657.0	3677.0	4360.0	0.13	0.0	1.37	0.0	1.2	5375908.0	17.27	74326.0	0.24	0.0	9.2	0.07	0.0	0.0
s084-c17.1-2.500-HCMJNBBXX-l2	98.99	17928920.0	50.0	6506512.0	36.29	49.9	1415365.0	1403568.0	1404997.0	8127.0	1114.0	1127.0	0.11	0.0	1.21	0.0	1.25	2712334.0	15.13	28334.0	0.16	0.0	48.38	0.04	0.0	0.0
s106-c30-0.000-HCHFWBBXX-l6	109.54	20660049.0	50.0	17696532.0	85.66	49.88	3250253.0	3227560.0	3222761.0	21428.0	2954.0	3110.0	0.11	0.0	1.46	0.0	1.23	2511971.0	12.16	42711.0	0.21	0.0	1.87	0.11	0.0	0.0
s190-c62-5.000-HFJTMBBXX-l4	103.35	19435156.0	50.0	15371696.0	79.09	49.84	3155545.0	3137059.0	3132548.0	17843.0	2441.0	2713.0	0.14	0.0	1.36	0.0	1.19	3049690.0	15.69	48607.0	0.25	0.0	4.89	0.07	0.0	0.0
s140-c38-5.000-HFJTMBBXX-l2	216.37	40027681.0	50.0	27808542.0	69.47	49.85	5533558.0	5500766.0	5490692.0	33314.0	4793.0	4759.0	0.12	0.0	1.4	0.0	1.19	7704729.0	19.25	98489.0	0.25	0.0	10.97	0.06	0.0	0.0
s122-c35-0.625-HFJTMBBXX-l2	252.16	32431213.0	50.0	27580050.0	85.04	49.88	4693108.0	4649295.0	4648870.0	34506.0	4446.0	5286.0	0.11	0.0	1.48	0.0	1.24	4114309.0	12.69	66030.0	0.2	0.0	1.94	0.13	0.0	0.0
s070-c10.1-5.000-HCHFWBBXX-l5	91.48	17177452.0	50.0	11930222.0	69.45	49.88	2814250.0	2792273.0	2793884.0	16489.0	1742.0	2135.0	0.13	0.0	1.37	0.0	1.26	3406307.0	19.83	40818.0	0.24	0.0	10.42	0.06	0.0	0.0
s082-c17.1-0.625-HCMJNBBXX-l2	89.33	15856000.0	50.0	7470038.0	47.11	49.9	1394901.0	1380608.0	1383635.0	8857.0	1052.0	1357.0	0.11	0.0	1.3	0.0	1.24	3139264.0	19.8	56767.0	0.36	0.0	32.65	0.08	0.0	0.0
s200-c72-5.000-HFJTMBBXX-l4	74.28	16671224.0	50.0	8021652.0	48.12	49.84	1583213.0	1573175.0	1571127.0	9298.0	1342.0	1446.0	0.12	0.01	1.3	0.0	1.19	3646694.0	21.87	41137.0	0.25	0.0	29.72	0.04	0.0	0.0
s008-c41-1.250-HCMYYBBXX-l4	187.31	11602893.0	50.0	9583893.0	82.6	49.87	1901162.0	1888032.0	1886536.0	11180.0	1684.0	1762.0	0.11	0.0	1.45	0.0	1.21	1704687.0	14.69	28192.0	0.24	0.0	2.37	0.09	0.0	0.0
s049-c19.1-2.500-HCMYYBBXX-l6	68.05	5802997.0	50.0	4592189.0	79.13	49.81	961772.0	955202.0	954266.0	5633.0	905.0	968.0	0.12	0.0	1.34	0.0	1.21	1088183.0	18.75	14266.0	0.25	0.0	1.81	0.06	0.0	0.0
s156-c48.1-0.000-HFJTMBBXX-l3	140.97	22124563.0	50.0	18869248.0	85.29	49.83	3373631.0	3350508.0	3342574.0	23942.0	3359.0	3756.0	0.12	0.0	1.43	0.0	1.21	2463246.0	11.13	42295.0	0.19	0.0	3.28	0.11	0.0	0.0
s104-c29.1-2.500-HCHFWBBXX-l6	91.11	18347715.0	50.0	13707324.0	74.71	49.85	2656010.0	2638297.0	2635466.0	15816.0	1964.0	2764.0	0.12	0.01	1.36	0.0	1.2	3517579.0	19.17	47522.0	0.26	0.0	5.78	0.08	0.0	0.0
s163-c51-1.250-HCN2JBBXX-l6	66.46	110320055.0	50.0	87272691.0	79.11	49.81	20239033.0	20141516.0	20150558.0	63541.0	7315.0	17619.0	0.13	0.0	1.46	0.0	1.28	17464540.0	15.83	240869.0	0.22	0.0	4.78	0.06	0.0	0.0
s065-c25.1-5.000-HCMNYBBXX-l2	94.18	3348596.0	50.0	2670028.0	79.74	49.84	500252.0	496701.0	495915.0	3442.0	380.0	515.0	0.14	0.01	1.27	0.01	1.21	627035.0	18.73	9263.0	0.28	0.0	1.16	0.1	0.0	0.0
s044-c15.1-2.500-HCHFWBBXX-l4	102.16	24716055.0	50.0	18197059.0	73.62	49.82	3651665.0	3626776.0	3622332.0	21664.0	3257.0	4412.0	0.14	0.0	1.4	0.0	1.2	5429919.0	21.97	63983.0	0.26	0.0	4.09	0.06	0.0	0.0
s057-c32-0.625-HCHFWBBXX-l4	233.55	21279230.0	50.0	3422003.0	16.08	49.59	526820.0	520153.0	521511.0	3485.0	388.0	1436.0	0.18	0.01	1.48	0.0	1.25	1237051.0	5.81	17668.0	0.08	0.0	77.97	0.05	0.0	0.0
s168-c54.1-1.250-HFWGVBBXX-l1	206.49	9292079.0	50.0	7254305.0	78.07	49.83	1415967.0	1405650.0	1405194.0	8291.0	1162.0	1320.0	0.14	0.0	1.37	0.0	1.2	1611825.0	17.35	21105.0	0.23	0.0	4.27	0.08	0.0	0.0
s102-c29.1-0.625-HCHFWBBXX-l6	123.96	19455116.0	50.0	16789697.0	86.3	49.85	2823843.0	2798957.0	2796997.0	21125.0	2514.0	3207.0	0.12	0.0	1.43	0.0	1.23	2194062.0	11.28	37594.0	0.19	0.0	2.09	0.14	0.0	0.0
s090-c18-5.000-HFJYFBBXX-l2	26.88	9847842.0	50.0	7158078.0	72.69	49.92	1651936.0	1639309.0	1639490.0	10042.0	1240.0	1164.0	0.1	0.0	1.35	0.0	1.26	2142394.0	21.75	26295.0	0.27	0.0	5.23	0.06	0.0	0.0
s042-c15.1-0.625-HCHFWBBXX-l4	188.89	24503033.0	50.0	20589967.0	84.03	49.82	3459994.0	3424488.0	3427822.0	24157.0	3328.0	4687.0	0.14	0.0	1.46	0.0	1.21	3537268.0	14.44	57353.0	0.23	0.0	1.16	0.14	0.0	0.0
s206-c14-0.000-HFWGVBBXX-l2	100.89	23148182.0	50.0	18359250.0	79.31	49.84	3245171.0	3222570.0	3216311.0	22367.0	3104.0	3389.0	0.12	0.0	1.43	0.0	1.2	3074532.0	13.28	45420.0	0.2	0.0	7.11	0.1	0.0	0.0
s199-c72-2.500-HCMJNBBXX-l4	79.01	26006183.0	50.0	15257076.0	58.67	49.84	2986586.0	2968774.0	2963449.0	17941.0	2657.0	2539.0	0.13	0.0	1.32	0.0	1.2	4423344.0	17.01	56050.0	0.22	0.0	24.06	0.05	0.0	0.0
s100-c22-5.000-HCMJNBBXX-l2	58.97	10876096.0	50.0	5897020.0	54.22	49.89	1314513.0	1305224.0	1305069.0	7432.0	1126.0	886.0	0.12	0.0	1.37	0.0	1.24	1870417.0	17.2	23102.0	0.21	0.0	28.32	0.05	0.0	0.0
s179-c56-2.500-HCN2JBBXX-l6	14.8	3133473.0	50.0	2357270.0	75.23	49.84	462520.0	459760.0	459068.0	2621.0	372.0	459.0	0.12	0.0	1.38	0.0	1.2	549738.0	17.54	8128.0	0.26	0.0	6.9	0.07	0.0	0.0
s040-c2.1-5.000-HCMYYBBXX-l5	122.24	13786431.0	50.0	10811528.0	78.42	49.87	2229348.0	2215792.0	2211728.0	13437.0	2046.0	2137.0	0.12	0.0	1.39	0.0	1.22	2505629.0	18.17	35633.0	0.26	0.0	3.08	0.07	0.0	0.0
s211-c26.2-0.000-HCMJNBBXX-l5	76.17	6940188.0	50.0	6051930.0	87.2	49.83	1090043.0	1082227.0	1079860.0	7820.0	1045.0	1318.0	0.13	0.0	1.46	0.0	1.2	744469.0	10.73	12332.0	0.18	0.0	1.79	0.1	0.0	0.0
s078-c12.1-1.250-HCMNYBBXX-l2	33.84	20172445.0	50.0	15217258.0	75.44	49.89	3318178.0	3291770.0	3293376.0	19923.0	2191.0	2688.0	0.12	0.0	1.32	0.0	1.28	3215399.0	15.94	37671.0	0.19	0.0	8.36	0.07	0.0	0.0
s038-c2.1-1.250-HCHFWBBXX-l3	133.49	15833226.0	50.0	12316825.0	77.79	49.85	2413742.0	2396530.0	2394715.0	14284.0	2301.0	2442.0	0.15	0.0	1.31	0.0	1.21	3305190.0	20.88	41562.0	0.26	0.0	1.01	0.06	0.0	0.0
s185-c57-5.000-HCMJNBBXX-l4	35.28	12767964.0	50.0	6073252.0	47.57	49.86	1232244.0	1224569.0	1222405.0	7454.0	1243.0	1142.0	0.14	0.0	1.31	0.0	1.19	2671412.0	20.92	32856.0	0.26	0.0	31.21	0.04	0.0	0.0
s013-c60.1-1.250-HCMYYBBXX-l4	82.68	1630609.0	50.0	1332957.0	81.75	49.83	236122.0	233726.0	233956.0	1658.0	185.0	323.0	0.13	0.0	1.41	0.0	1.24	271384.0	16.64	3939.0	0.24	0.0	1.26	0.11	0.0	0.0
s018-c47.1-1.250-HCGYCBBXX-l5	136.78	17667612.0	50.0	14316606.0	81.03	49.85	2792447.0	2768339.0	2769407.0	18040.0	2028.0	2972.0	0.18	0.0	1.38	0.0	1.2	3039601.0	17.2	71106.0	0.4	0.0	1.25	0.11	0.0	0.0
s039-c2.1-2.500-HCMYYBBXX-l5	68.99	2088927.0	50.0	1642546.0	78.63	49.85	334073.0	331908.0	331384.0	2028.0	329.0	332.0	0.12	0.0	1.31	0.0	1.21	423934.0	20.29	5422.0	0.26	0.0	0.75	0.06	0.0	0.0
s186-c62-0.000-HCMJNBBXX-l4	36.05	12028020.0	50.0	10355635.0	86.1	49.86	1874514.0	1862521.0	1858677.0	12265.0	1653.0	1919.0	0.13	0.0	1.46	0.0	1.22	1347437.0	11.2	23234.0	0.19	0.0	2.4	0.11	0.0	0.0
s226-c58.2-0.000-HCMJNBBXX-l6	208.08	58550070.0	50.0	50422846.0	86.12	49.83	9062827.0	8997223.0	8973225.0	71341.0	7667.0	10594.0	0.12	0.0	1.42	0.0	1.21	6979327.0	11.92	108555.0	0.19	0.0	1.67	0.11	0.0	0.0
s130-c36-5.000-HFJTMBBXX-l2	107.86	10815983.0	50.0	6172326.0	57.07	49.84	1224184.0	1216693.0	1215076.0	6883.0	1085.0	1140.0	0.12	0.0	1.39	0.0	1.2	1758506.0	16.26	24074.0	0.22	0.0	26.4	0.05	0.0	0.0
s223-c52.2-1.250-HCMJNBBXX-l6	238.16	99761618.0	50.0	78827508.0	79.02	49.82	15037279.0	14909999.0	14920947.0	88067.0	11389.0	16876.0	0.13	0.0	1.38	0.0	1.21	18031782.0	18.07	253730.0	0.25	0.0	2.56	0.09	0.0	0.0
s135-c37-5.000-HCMJNBBXX-l3	43.88	22820093.0	50.0	12732928.0	55.8	49.86	2583630.0	2568715.0	2565268.0	13961.0	2062.0	2339.0	0.16	0.0	1.37	0.0	1.18	3690642.0	16.17	50106.0	0.22	0.0	27.76	0.05	0.0	0.0
s063-c25.1-1.250-HCHFWBBXX-l5	119.87	20611434.0	50.0	17610556.0	85.44	49.83	3040994.0	3008564.0	3015018.0	20206.0	2211.0	3559.0	0.15	0.01	1.3	0.0	1.22	2817273.0	13.67	45186.0	0.22	0.0	0.53	0.14	0.0	0.0
s080-c12.1-5.000-HCMNYBBXX-l2	148.19	23545392.0	50.0	17086555.0	72.57	49.91	3802627.0	3771731.0	3775567.0	21505.0	2380.0	3175.0	0.12	0.0	1.31	0.0	1.27	5065765.0	21.51	56450.0	0.24	0.0	5.61	0.07	0.0	0.0
s019-c47.1-2.500-HCMYYBBXX-l4	141.1	36724185.0	50.0	29659866.0	80.76	49.85	6215710.0	6173968.0	6165773.0	39530.0	4570.0	5837.0	0.12	0.0	1.36	0.0	1.19	6727385.0	18.32	88787.0	0.24	0.0	0.61	0.07	0.0	0.0
s096-c22-0.000-HFJYFBBXX-l2	140.15	19854464.0	50.0	15299680.0	77.06	49.91	3006188.0	2984392.0	2981397.0	19756.0	2775.0	2260.0	0.1	0.0	1.45	0.0	1.24	2757824.0	13.89	40059.0	0.2	0.0	8.75	0.1	0.0	0.0
s076-c12.1-0.000-HCHFWBBXX-l5	96.25	17431269.0	50.0	13926609.0	79.89	49.88	2832799.0	2809493.0	2807301.0	20969.0	2112.0	2417.0	0.12	0.0	1.41	0.0	1.28	2554500.0	14.65	33159.0	0.19	0.0	5.16	0.1	0.0	0.0
s174-c55.1-2.500-HFWGVBBXX-l1	73.73	19824306.0	50.0	14164094.0	71.45	49.85	2855656.0	2837850.0	2834198.0	16748.0	2374.0	2336.0	0.13	0.0	1.36	0.0	1.2	3381822.0	17.06	43310.0	0.22	0.0	11.22	0.06	0.0	0.0
s092-c27-0.625-HFJYFBBXX-l2	38.3	14872356.0	50.0	11970265.0	80.49	49.9	2311586.0	2285432.0	2294038.0	13597.0	1578.0	2373.0	0.12	0.0	1.49	0.0	1.31	2325011.0	15.63	56892.0	0.38	0.0	3.36	0.14	0.0	0.0
s108-c30-1.250-HCMNYBBXX-l3	15.24	12208774.0	50.0	9079889.0	74.37	49.87	1900158.0	1888008.0	1886300.0	10754.0	1606.0	1498.0	0.18	0.0	1.4	0.0	1.21	2500731.0	20.48	37285.0	0.31	0.0	4.78	0.06	0.0	0.0
s172-c55.1-0.625-HFWGVBBXX-l1	102.9	18436046.0	50.0	14820012.0	80.39	49.83	2459004.0	2433796.0	2437046.0	17011.0	2116.0	2831.0	0.14	0.0	1.45	0.0	1.22	2355105.0	12.77	40818.0	0.22	0.0	6.49	0.13	0.0	0.0
s177-c56-0.625-HFWGVBBXX-l1	104.59	20366667.0	50.0	16903168.0	82.99	49.84	2828712.0	2801177.0	2802874.0	19947.0	2597.0	3294.0	0.14	0.0	1.43	0.0	1.21	2689221.0	13.2	47879.0	0.24	0.0	3.42	0.15	0.0	0.0
s138-c38-1.250-HCMJNBBXX-l3	71.9	15577394.0	50.0	11135010.0	71.48	49.85	2134647.0	2121446.0	2118036.0	12914.0	1815.0	1882.0	0.17	0.0	1.39	0.0	1.2	2649670.0	17.01	36591.0	0.23	0.0	11.21	0.06	0.0	0.0
s056-c32-0.000-HCMYYBBXX-l6	123.42	6308304.0	50.0	112509.0	1.78	49.72	20320.0	20201.0	20113.0	147.0	35.0	25.0	0.16	0.01	1.34	0.0	1.37	72358.0	1.15	966.0	0.02	0.0	97.04	0.02	0.0	0.0
s009-c41-2.500-HCGYCBBXX-l5	96.95	24667255.0	50.0	19132289.0	77.56	49.85	3887979.0	3865724.0	3859399.0	22339.0	3175.0	3066.0	0.18	0.0	1.43	0.0	1.2	5055726.0	20.5	64561.0	0.26	0.0	1.62	0.06	0.0	0.0
s116-c33.1-0.000-HCHFWBBXX-l6	153.48	21658013.0	50.0	18819269.0	86.89	49.85	3338253.0	3316245.0	3308618.0	23110.0	3042.0	3483.0	0.12	0.0	1.49	0.0	1.22	2338904.0	10.8	38593.0	0.18	0.0	2.02	0.11	0.0	0.0
s201-c73.1-0.000-HCMJNBBXX-l5	153.57	45345373.0	50.0	38495520.0	84.89	49.84	6600498.0	6555732.0	6537478.0	48497.0	6698.0	7825.0	0.13	0.0	1.5	0.0	1.21	5806766.0	12.81	95202.0	0.21	0.0	1.97	0.12	0.0	0.0
s191-c63.1-0.000-HFJTMBBXX-l4	107.32	9837236.0	50.0	8493050.0	86.34	49.86	1493563.0	1483590.0	1480079.0	10658.0	1280.0	1546.0	0.12	0.0	1.48	0.0	1.22	1098926.0	11.17	19030.0	0.19	0.0	2.19	0.11	0.0	0.0
s020-c47.1-5.000-HCMYYBBXX-l4	92.33	19056414.0	50.0	15485867.0	81.26	49.86	3279730.0	3258044.0	3253485.0	21061.0	2282.0	2902.0	0.12	0.0	1.35	0.0	1.18	3335037.0	17.5	46278.0	0.24	0.0	0.92	0.08	0.0	0.0
s059-c32-2.500-HCMYYBBXX-l6	86.79	15525332.0	50.0	11699949.0	75.36	49.89	2676180.0	2662320.0	2657699.0	14797.0	1875.0	1809.0	0.11	0.0	1.4	0.0	1.29	3241802.0	20.88	39746.0	0.26	0.0	3.44	0.07	0.0	0.0
s003-c64-1.250-HCGYCBBXX-l5	119.75	23684646.0	50.0	18989442.0	80.18	49.88	3841220.0	3817532.0	3813712.0	21088.0	3082.0	3338.0	0.17	0.0	1.43	0.0	1.21	4401334.0	18.58	69418.0	0.29	0.0	0.88	0.07	0.0	0.0
s006-c41-0.000-HCGYCBBXX-l5	127.23	19861384.0	50.0	17340279.0	87.31	49.87	3090222.0	3071107.0	3063216.0	20885.0	2930.0	3191.0	0.16	0.0	1.49	0.0	1.24	2326182.0	11.71	40970.0	0.21	0.0	0.66	0.11	0.0	0.0
s226-c58.2-0.000-HFWGVBBXX-l3	81.02	41115758.0	50.0	35482902.0	86.3	49.83	6372274.0	6325814.0	6309467.0	49641.0	5440.0	7726.0	0.12	0.0	1.42	0.0	1.21	4879811.0	11.87	76639.0	0.19	0.0	1.54	0.11	0.0	0.0
s052-c7.2-0.625-HCHFWBBXX-l4	121.06	23438631.0	50.0	19788931.0	84.43	49.89	3438655.0	3404335.0	3404271.0	27090.0	3158.0	4136.0	0.11	0.0	1.47	0.0	1.32	3127878.0	13.34	57102.0	0.24	0.0	1.82	0.17	0.0	0.0
s223-c52.2-1.250-HFWGVBBXX-l3	125.73	36253165.0	50.0	28691659.0	79.14	49.83	5480155.0	5433543.0	5438238.0	31630.0	4117.0	6170.0	0.14	0.0	1.39	0.0	1.2	6537048.0	18.03	92760.0	0.26	0.0	2.48	0.09	0.0	0.0
s041-c15.1-0.000-HCHFWBBXX-l4	512.29	19922484.0	50.0	17239711.0	86.53	49.82	3076933.0	3054696.0	3049021.0	21026.0	3171.0	3715.0	0.14	0.0	1.48	0.0	1.21	2369037.0	11.89	40128.0	0.2	0.0	1.26	0.11	0.0	0.0
s125-c35-5.000-HFJTMBBXX-l2	182.93	25355485.0	50.0	18867650.0	74.41	49.85	3845240.0	3821476.0	3815109.0	23481.0	2954.0	3696.0	0.12	0.0	1.42	0.0	1.21	5103675.0	20.13	69259.0	0.27	0.0	5.11	0.08	0.0	0.0
s153-c45-1.250-HCN2JBBXX-l5	81.01	17506351.0	50.0	13477849.0	76.99	49.83	2507712.0	2488226.0	2488667.0	14654.0	1940.0	2451.0	0.13	0.0	1.34	0.0	1.2	2952368.0	16.86	53713.0	0.31	0.0	5.75	0.09	0.0	0.0
s029-c70.1-2.500-HCHFWBBXX-l3	99.74	19394741.0	50.0	15801428.0	81.47	49.86	3206270.0	3186475.0	3182588.0	18597.0	2364.0	2721.0	0.14	0.0	1.34	0.0	1.2	3376690.0	17.41	44233.0	0.23	0.0	0.82	0.07	0.0	0.0
s101-c29.1-0.000-HCHFWBBXX-l6	140.61	22614346.0	50.0	19136502.0	84.62	49.9	3574683.0	3547070.0	3543578.0	24745.0	2978.0	3382.0	0.11	0.0	1.46	0.0	1.24	2774170.0	12.27	46517.0	0.21	0.0	2.78	0.13	0.0	0.0
s213-c26.2-1.250-HFWGVBBXX-l2	107.92	19275984.0	50.0	15692003.0	81.41	49.83	3077773.0	3054255.0	3052478.0	19029.0	2695.0	3571.0	0.12	0.0	1.4	0.0	1.2	3049066.0	15.82	43656.0	0.23	0.0	2.47	0.07	0.0	0.0
s203-c73.1-1.250-HFWGVBBXX-l2	42.39	21182012.0	50.0	16791606.0	79.27	49.83	3113746.0	3089124.0	3086758.0	20610.0	2884.0	3494.0	0.12	0.01	1.41	0.0	1.2	3657402.0	17.27	54404.0	0.26	0.0	3.11	0.09	0.0	0.0
s055-c7.2-5.000-HCMYYBBXX-l6	159.84	34941980.0	50.0	27026786.0	77.35	49.88	5780065.0	5745506.0	5734993.0	36183.0	4007.0	4882.0	0.11	0.0	1.31	0.0	1.2	6895239.0	19.73	85762.0	0.25	0.0	2.59	0.08	0.0	0.0
s175-c55.1-5.000-HCN2JBBXX-l6	11.37	5153370.0	50.0	3673558.0	71.28	49.83	745221.0	740542.0	739536.0	4412.0	609.0	664.0	0.12	0.0	1.35	0.0	1.19	836986.0	16.24	11210.0	0.22	0.0	12.2	0.06	0.0	0.0
s099-c22-2.500-HFJYFBBXX-l2	161.16	18623018.0	50.0	9432760.0	50.65	49.89	2026171.0	2011938.0	2011758.0	11558.0	1568.0	1287.0	0.11	0.0	1.37	0.0	1.22	3805155.0	20.43	39600.0	0.21	0.0	28.65	0.05	0.0	0.0
s117-c33.1-0.625-HCMNYBBXX-l3	22.31	22999640.0	50.0	19696745.0	85.64	49.84	3209087.0	3179937.0	3178146.0	24225.0	2872.0	3844.0	0.18	0.0	1.48	0.0	1.22	2298710.0	9.99	43742.0	0.19	0.0	4.02	0.15	0.0	0.0
s053-c7.2-1.250-HCMYYBBXX-l6	142.09	20563183.0	50.0	410571.0	2.0	49.82	65725.0	65005.0	65083.0	411.0	67.0	164.0	0.14	0.01	1.4	0.0	1.19	393378.0	1.91	4916.0	0.02	0.0	96.05	0.02	0.0	0.0
s137-c38-0.625-HCMJNBBXX-l3	131.07	33712859.0	50.0	26486294.0	78.56	49.85	4549761.0	4506954.0	4509941.0	30555.0	4064.0	5201.0	0.18	0.0	1.4	0.0	1.21	5196364.0	15.41	85149.0	0.25	0.0	5.65	0.12	0.0	0.0
s178-c56-1.250-HFWGVBBXX-l1	67.38	21281871.0	50.0	16504528.0	77.55	49.83	3175142.0	3154308.0	3150770.0	18500.0	2832.0	3040.0	0.14	0.0	1.37	0.0	1.2	3848921.0	18.09	56085.0	0.26	0.0	4.02	0.08	0.0	0.0
s081-c17.1-0.000-HCMJNBBXX-l2	72.99	10847841.0	50.0	8362410.0	77.09	49.91	1564394.0	1548611.0	1550546.0	10793.0	1376.0	1679.0	0.11	0.0	1.42	0.0	1.28	1441555.0	13.29	24160.0	0.22	0.0	9.25	0.15	0.0	0.0
s107-c30-0.625-HCMNYBBXX-l3	37.09	66793455.0	50.0	54813748.0	82.06	49.89	9686133.0	9578108.0	9601460.0	65912.0	8190.0	10571.0	0.19	0.0	1.45	0.0	1.23	9068236.0	13.58	471051.0	0.71	0.0	3.49	0.17	0.0	0.0
s075-c11.1-5.000-HCMNYBBXX-l2	16.2	19336060.0	50.0	13204579.0	68.29	49.88	3020410.0	2999556.0	2999106.0	17154.0	1744.0	2406.0	0.12	0.0	1.3	0.0	1.25	3704306.0	19.16	40499.0	0.21	0.0	12.28	0.06	0.0	0.0
s189-c62-2.500-HCMJNBBXX-l4	36.53	19047150.0	50.0	14687950.0	77.11	49.86	3003530.0	2986563.0	2981940.0	16798.0	2281.0	2511.0	0.14	0.0	1.35	0.0	1.2	2896921.0	15.21	44382.0	0.23	0.0	7.38	0.06	0.0	0.0
s088-c18-1.250-HCMJNBBXX-l2	15.76	9432114.0	50.0	6929140.0	73.46	49.91	1558968.0	1546596.0	1547388.0	9202.0	1157.0	1221.0	0.11	0.0	1.33	0.0	1.26	2050508.0	21.74	26433.0	0.28	0.0	4.46	0.06	0.0	0.0
s182-c57-0.625-HCMJNBBXX-l4	47.34	24091499.0	50.0	17483741.0	72.57	49.85	2838931.0	2807230.0	2811683.0	21090.0	2639.0	3519.0	0.15	0.0	1.37	0.0	1.21	3582676.0	14.87	104767.0	0.43	0.0	11.97	0.15	0.0	0.0
s204-c73.1-2.500-HCMJNBBXX-l5	76.27	19873287.0	50.0	14777296.0	74.36	49.84	2936212.0	2918914.0	2912258.0	18613.0	2602.0	2739.0	0.14	0.01	1.41	0.0	1.2	3397097.0	17.09	47995.0	0.24	0.0	8.24	0.06	0.0	0.0
s194-c63.1-2.500-HFJTMBBXX-l4	114.19	27088815.0	50.0	21375378.0	78.91	49.84	4218944.0	4192182.0	4186530.0	25437.0	3035.0	3942.0	0.13	0.0	1.37	0.0	1.21	4655984.0	17.19	65596.0	0.24	0.0	3.59	0.07	0.0	0.0
s133-c37-1.250-HFJTMBBXX-l2	118.76	6795509.0	50.0	3741149.0	55.05	49.83	731775.0	727085.0	726306.0	4057.0	668.0	744.0	0.11	0.01	1.38	0.0	1.18	1178529.0	17.34	16197.0	0.24	0.0	27.31	0.05	0.0	0.0
s169-c54.1-2.500-HCN2JBBXX-l6	11.44	6195629.0	50.0	4583593.0	73.98	49.83	937283.0	931622.0	930202.0	5515.0	774.0	792.0	0.13	0.0	1.36	0.0	1.19	1144334.0	18.47	14253.0	0.23	0.0	7.25	0.07	0.0	0.0
s209-c14-2.500-HFWGVBBXX-l2	112.91	21420717.0	50.0	8526039.0	39.8	49.83	1718044.0	1706637.0	1705195.0	9912.0	1443.0	1494.0	0.13	0.01	1.36	0.0	1.19	3480521.0	16.25	39438.0	0.18	0.0	43.73	0.04	0.0	0.0
s196-c72-0.000-HCMJNBBXX-l4	64.2	14872186.0	50.0	12403516.0	83.4	49.87	2145465.0	2131466.0	2126072.0	15172.0	2104.0	2117.0	0.13	0.0	1.45	0.0	1.22	1786314.0	12.01	28545.0	0.19	0.0	4.28	0.11	0.0	0.0
s067-c10.1-0.625-HCHFWBBXX-l5	120.16	16522508.0	50.0	13348395.0	80.79	49.88	2462309.0	2437100.0	2438996.0	18709.0	1995.0	2609.0	0.13	0.0	1.51	0.0	1.3	2304918.0	13.95	36354.0	0.22	0.0	4.9	0.14	0.0	0.0
s127-c36-0.625-HCMJNBBXX-l3	563.43	16433423.0	50.0	10902512.0	66.34	49.84	1846402.0	1824474.0	1829551.0	12858.0	1641.0	2352.0	0.19	0.0	1.45	0.0	1.23	1821266.0	11.08	59927.0	0.36	0.0	22.07	0.14	0.0	0.0
s176-c56-0.000-HCN2JBBXX-l6	65.3	71613652.0	50.0	62609539.0	87.43	49.82	11029527.0	10958476.0	10933613.0	73377.0	10796.0	11741.0	0.12	0.0	1.48	0.0	1.22	7660900.0	10.7	141709.0	0.2	0.0	1.56	0.12	0.0	0.0
s073-c11.1-1.250-HCHFWBBXX-l5	92.26	18938264.0	50.0	14236269.0	75.17	49.88	3042359.0	3013629.0	3018817.0	18794.0	1990.0	2758.0	0.13	0.0	1.32	0.0	1.27	3176280.0	16.77	42027.0	0.22	0.0	7.75	0.09	0.0	0.0
s192-c63.1-0.625-HFJTMBBXX-l4	60.8	13460920.0	50.0	11714040.0	87.02	49.84	1939547.0	1921273.0	1920749.0	14600.0	1647.0	2551.0	0.13	0.0	1.49	0.0	1.23	1443698.0	10.73	27359.0	0.2	0.0	1.91	0.14	0.0	0.0
s202-c73.1-0.625-HCMJNBBXX-l5	63.82	13988022.0	50.0	11373944.0	81.31	49.84	1823772.0	1805619.0	1806109.0	13721.0	1681.0	2261.0	0.13	0.01	1.43	0.01	1.21	1878381.0	13.43	32218.0	0.23	0.0	4.88	0.15	0.0	0.0
s132-c37-0.625-HCMJNBBXX-l3	12.34	8930693.0	50.0	5561462.0	62.27	49.84	978688.0	969140.0	970760.0	5966.0	802.0	1160.0	0.17	0.01	1.41	0.0	1.19	1443493.0	16.16	22030.0	0.25	0.0	21.23	0.09	0.0	0.0
s220-c46.1-5.000-HCMJNBBXX-l5	276.79	77423453.0	50.0	34693941.0	44.81	49.83	6749211.0	6703204.0	6702058.0	35246.0	5458.0	6449.0	0.14	0.01	1.36	0.0	1.2	13898537.0	17.95	175119.0	0.23	0.0	36.97	0.04	0.0	0.0
s083-c17.1-1.250-HFJYFBBXX-l2	143.0	18827915.0	50.0	8965076.0	47.62	49.92	1910605.0	1895020.0	1896137.0	11444.0	1538.0	1486.0	0.11	0.0	1.28	0.0	1.28	3766945.0	20.01	37592.0	0.2	0.0	32.13	0.05	0.0	0.0
s093-c27-1.250-HCMJNBBXX-l2	42.2	32011003.0	50.0	23120802.0	72.23	49.89	5240629.0	5204771.0	5205991.0	26897.0	3076.0	4665.0	0.13	0.0	1.43	0.0	1.32	7163718.0	22.38	90160.0	0.28	0.0	5.05	0.06	0.0	0.0
s069-c10.1-2.500-HCMNYBBXX-l2	130.43	58006857.0	50.0	45077867.0	77.71	49.89	10428352.0	10355974.0	10345408.0	68441.0	7042.0	7461.0	0.13	0.0	1.4	0.0	1.27	9646967.0	16.63	111895.0	0.19	0.0	5.41	0.06	0.0	0.0
s007-c41-0.625-HCMYYBBXX-l4	173.32	13769377.0	50.0	11833405.0	85.94	49.89	1994440.0	1976426.0	1976092.0	14320.0	1772.0	2256.0	0.11	0.0	1.48	0.0	1.25	1661281.0	12.07	32643.0	0.24	0.0	1.6	0.16	0.0	0.0
s026-c70.1-0.000-HCMYYBBXX-l5	186.28	32288654.0	50.0	28229536.0	87.43	49.86	5031569.0	4995041.0	4986221.0	35975.0	4259.0	5114.0	0.11	0.0	1.45	0.01	1.22	3740918.0	11.59	62546.0	0.19	0.0	0.68	0.12	0.0	0.0
s171-c55.1-0.000-HFWGVBBXX-l1	259.51	20688951.0	50.0	17944406.0	86.73	49.83	3141845.0	3120187.0	3113828.0	21795.0	2837.0	3385.0	0.13	0.0	1.49	0.0	1.23	2257216.0	10.91	38625.0	0.19	0.0	2.06	0.11	0.0	0.0
s109-c30-2.500-HCHFWBBXX-l6	102.55	19768429.0	50.0	15133496.0	76.55	49.87	3148530.0	3128073.0	3125574.0	17752.0	2595.0	2609.0	0.12	0.0	1.4	0.0	1.21	3776344.0	19.1	54400.0	0.28	0.0	4.0	0.07	0.0	0.0
s157-c48.1-0.625-HCN2JBBXX-l5	32.56	17916716.0	50.0	15097004.0	84.26	49.82	2420703.0	2395961.0	2397436.0	17961.0	2132.0	3174.0	0.13	0.0	1.4	0.0	1.22	2158787.0	12.05	39986.0	0.22	0.0	3.31	0.15	0.0	0.0
s113-c31.1-1.250-HCHFWBBXX-l6	4.94	48020.0	50.0	4488.0	9.35	49.22	861.0	850.0	855.0	6.0	0.0	0.0	0.23	0.01	1.15	0.01	1.62	1071.0	2.23	26.0	0.05	0.0	88.36	0.01	0.0	0.0
s035-c39.1-5.000-HCMYYBBXX-l5	212.94	25848188.0	50.0	20409059.0	78.96	49.84	4118351.0	4092824.0	4083794.0	27347.0	3284.0	3926.0	0.13	0.0	1.35	0.0	1.21	5100841.0	19.73	59449.0	0.23	0.0	1.01	0.06	0.0	0.0
s095-c27-5.000-HFJYFBBXX-l2	28.85	20051743.0	50.0	14679841.0	73.21	49.91	3398829.0	3377892.0	3377267.0	17101.0	1958.0	2503.0	0.11	0.0	1.38	0.0	1.29	4047010.0	20.18	49352.0	0.25	0.0	6.3	0.06	0.0	0.0
s058-c32-1.250-HCHFWBBXX-l4	279.31	21413595.0	50.0	16502036.0	77.06	49.89	3611253.0	3586611.0	3584823.0	21254.0	2535.0	2641.0	0.12	0.0	1.4	0.0	1.31	3756541.0	17.54	50361.0	0.24	0.0	5.07	0.09	0.0	0.0
s212-c26.2-0.625-HCMJNBBXX-l5	78.3	7981787.0	50.0	6859957.0	85.95	49.83	1115079.0	1103307.0	1104080.0	8501.0	991.0	1507.0	0.14	0.0	1.44	0.0	1.21	889029.0	11.14	17469.0	0.22	0.0	2.54	0.16	0.0	0.0
s105-c29.1-5.000-HCMNYBBXX-l3	43.82	7047768.0	50.0	5352937.0	75.95	49.89	1099163.0	1092034.0	1090685.0	6697.0	829.0	952.0	0.17	0.0	1.38	0.0	1.2	1376921.0	19.54	18273.0	0.26	0.0	4.18	0.08	0.0	0.0
s219-c46.1-2.500-HCMJNBBXX-l5	79.62	2255998.0	50.0	1523143.0	67.52	49.84	302839.0	300906.0	300437.0	1876.0	250.0	276.0	0.14	0.0	1.4	0.0	1.22	353709.0	15.68	4866.0	0.22	0.0	16.54	0.06	0.0	0.0
s216-c46.1-0.000-HFWGVBBXX-l2	191.09	19268403.0	50.0	16095069.0	83.53	49.84	2842193.0	2821943.0	2817304.0	19074.0	2703.0	3112.0	0.11	0.0	1.49	0.0	1.21	2312846.0	12.0	37404.0	0.19	0.0	4.17	0.11	0.0	0.0
s214-c26.2-2.500-HCMJNBBXX-l5	112.3	9327290.0	50.0	7391433.0	79.25	49.83	1487235.0	1477631.0	1475222.0	9097.0	1274.0	1642.0	0.14	0.0	1.37	0.0	1.19	1568871.0	16.82	22652.0	0.24	0.0	3.62	0.07	0.0	0.0
s218-c46.1-1.250-HCMJNBBXX-l5	100.13	16327173.0	50.0	7724356.0	47.31	49.83	1497885.0	1487680.0	1486827.0	8359.0	1220.0	1479.0	0.14	0.0	1.39	0.0	1.2	2684476.0	16.44	33361.0	0.2	0.0	36.0	0.04	0.0	0.0
s136-c38-0.000-HCMJNBBXX-l3	43.85	12729380.0	50.0	10854638.0	85.27	49.85	1896570.0	1883734.0	1880105.0	12825.0	1721.0	1919.0	0.16	0.0	1.48	0.0	1.21	1418299.0	11.14	24474.0	0.19	0.0	3.28	0.11	0.0	0.0
s058-c32-1.250-HCMYYBBXX-l6	83.6	28888815.0	50.0	22003058.0	76.16	49.9	4829045.0	4795997.0	4794162.0	27946.0	3384.0	3553.0	0.11	0.0	1.41	0.0	1.31	5038282.0	17.44	68180.0	0.24	0.0	6.07	0.09	0.0	0.0
s143-c43.1-1.250-HFJTMBBXX-l3	217.06	16098608.0	50.0	12231853.0	75.98	49.84	2270226.0	2248504.0	2252259.0	13700.0	1816.0	2451.0	0.13	0.01	1.37	0.0	1.21	2990726.0	18.58	42697.0	0.27	0.0	5.06	0.12	0.0	0.0
s195-c63.1-5.000-HFJTMBBXX-l4	316.24	19150270.0	50.0	14612887.0	76.31	49.84	2930907.0	2912971.0	2909174.0	16870.0	2187.0	2676.0	0.13	0.01	1.35	0.0	1.22	3353776.0	17.51	46788.0	0.24	0.0	5.87	0.07	0.0	0.0
s205-c73.1-5.000-HCMJNBBXX-l5	76.48	15126908.0	50.0	11924198.0	78.83	49.85	2402979.0	2388472.0	2382682.0	15708.0	2174.0	2415.0	0.14	0.01	1.44	0.0	1.2	2451059.0	16.2	37580.0	0.25	0.0	4.65	0.07	0.0	0.0
s106-c30-0.000-HCMNYBBXX-l3	10.9	12624261.0	50.0	10795475.0	85.51	49.88	1971271.0	1957522.0	1954638.0	12908.0	1891.0	1834.0	0.17	0.0	1.45	0.0	1.24	1547311.0	12.26	26310.0	0.21	0.0	1.91	0.11	0.0	0.0
s210-c14-5.000-HCMJNBBXX-l5	68.38	17265673.0	50.0	6155994.0	35.65	49.83	1203192.0	1195129.0	1193829.0	7066.0	1037.0	1260.0	0.14	0.01	1.33	0.0	1.18	7603010.0	44.04	78521.0	0.45	0.0	19.82	0.04	0.0	0.0
s033-c39.1-1.250-HCHFWBBXX-l3	127.6	17722156.0	50.0	14508956.0	81.87	49.83	2433134.0	2407861.0	2410203.0	17459.0	2174.0	3298.0	0.16	0.0	1.38	0.0	1.23	2943228.0	16.61	41302.0	0.23	0.0	1.17	0.12	0.0	0.0
s066-c10.1-0.000-HCHFWBBXX-l5	107.72	26001761.0	50.0	21914036.0	84.28	49.9	4502913.0	4468895.0	4463096.0	32650.0	3570.0	3597.0	0.12	0.0	1.5	0.0	1.3	2951667.0	11.35	48471.0	0.19	0.0	4.08	0.1	0.0	0.0
s150-c44-5.000-HFJTMBBXX-l3	170.46	29025553.0	50.0	21315961.0	73.44	49.83	4268515.0	4241053.0	4234988.0	25804.0	3589.0	4134.0	0.13	0.0	1.36	0.0	1.19	4952565.0	17.06	69741.0	0.24	0.0	9.19	0.07	0.0	0.0
s027-c70.1-0.625-HCMYYBBXX-l5	138.42	19878239.0	50.0	17114526.0	86.1	49.86	2850117.0	2822128.0	2824764.0	19835.0	2354.0	3164.0	0.12	0.0	1.41	0.0	1.21	2507627.0	12.61	46945.0	0.24	0.0	0.91	0.14	0.0	0.0
s034-c39.1-2.500-HCMYYBBXX-l5	187.26	36775660.0	50.0	29061742.0	79.02	49.84	5620469.0	5585184.0	5573315.0	36677.0	4855.0	5622.0	0.13	0.0	1.3	0.0	1.22	7360015.0	20.01	87218.0	0.24	0.0	0.66	0.06	0.0	0.0
s124-c35-2.500-HFJTMBBXX-l2	122.81	11291940.0	50.0	8746957.0	77.46	49.86	1822368.0	1811602.0	1807767.0	11531.0	1435.0	1635.0	0.12	0.0	1.45	0.0	1.23	2216111.0	19.63	28619.0	0.25	0.0	2.59	0.07	0.0	0.0
s156-c48.1-0.000-HCN2JBBXX-l5	104.21	22637312.0	50.0	19280523.0	85.17	49.84	3448036.0	3424338.0	3416598.0	24143.0	3386.0	3909.0	0.12	0.0	1.42	0.0	1.21	2520985.0	11.14	43423.0	0.19	0.0	3.39	0.11	0.0	0.0
s102-c29.1-0.625-HCMNYBBXX-l3	56.37	6858297.0	50.0	5900076.0	86.03	49.85	988205.0	979581.0	978766.0	7398.0	882.0	1159.0	0.18	0.0	1.43	0.0	1.24	776648.0	11.32	13675.0	0.2	0.0	2.31	0.14	0.0	0.0
s121-c35-0.000-HFJTMBBXX-l2	226.59	11896126.0	50.0	9901563.0	83.23	49.87	1746965.0	1732832.0	1731133.0	12255.0	1615.0	1962.0	0.11	0.0	1.52	0.0	1.22	1396671.0	11.74	24178.0	0.2	0.0	4.69	0.13	0.0	0.0
s068-c10.1-1.250-HCMNYBBXX-l2	98.57	27434077.0	50.0	21224910.0	77.37	49.89	4139955.0	4091595.0	4103651.0	29061.0	3187.0	4056.0	0.13	0.0	1.47	0.0	1.3	4346544.0	15.84	62917.0	0.23	0.0	6.44	0.12	0.0	0.0
s163-c51-1.250-HFWGVBBXX-l1	111.03	10085283.0	50.0	7991406.0	79.24	49.82	1864543.0	1855342.0	1856549.0	5692.0	683.0	1619.0	0.14	0.0	1.45	0.0	1.28	1598088.0	15.85	21749.0	0.22	0.0	4.64	0.06	0.0	0.0
s098-c22-1.250-HFJYFBBXX-l2	160.62	28956002.0	50.0	17021142.0	58.78	49.9	3635301.0	3606466.0	3608360.0	21603.0	2459.0	2879.0	0.11	0.0	1.34	0.0	1.24	5530104.0	19.1	59507.0	0.21	0.0	21.86	0.06	0.0	0.0
s104-c29.1-2.500-HCMNYBBXX-l3	38.24	7690609.0	50.0	5718414.0	74.36	49.85	1103258.0	1095887.0	1094602.0	6637.0	887.0	1132.0	0.18	0.01	1.36	0.0	1.19	1474114.0	19.17	19774.0	0.26	0.0	6.14	0.08	0.0	0.0
s179-c56-2.500-HFWGVBBXX-l1	74.17	17099927.0	50.0	12940069.0	75.67	49.84	2532081.0	2516989.0	2512804.0	14544.0	2303.0	2430.0	0.13	0.0	1.35	0.0	1.2	3010785.0	17.61	44513.0	0.26	0.0	6.39	0.07	0.0	0.0
s217-c46.1-0.625-HFWGVBBXX-l2	183.11	20192689.0	50.0	14041304.0	69.54	49.83	2464136.0	2439640.0	2442676.0	16443.0	2050.0	2967.0	0.13	0.0	1.44	0.0	1.21	3269078.0	16.19	103097.0	0.51	0.0	13.65	0.11	0.0	0.0
s032-c39.1-0.625-HCMYYBBXX-l5	115.89	6083996.0	50.0	5206900.0	85.58	49.84	895044.0	887505.0	886271.0	6911.0	817.0	1045.0	0.12	0.0	1.41	0.0	1.25	800758.0	13.16	11514.0	0.19	0.0	0.96	0.11	0.0	0.0
s007-c41-0.625-HCGYCBBXX-l5	126.4	22329991.0	50.0	19193112.0	85.95	49.87	3219096.0	3189903.0	3189662.0	22965.0	2881.0	3588.0	0.17	0.0	1.48	0.0	1.24	2735678.0	12.25	52086.0	0.23	0.0	1.41	0.15	0.0	0.0
s188-c62-1.250-HCMJNBBXX-l4	91.46	19815475.0	50.0	15532529.0	78.39	49.85	3018487.0	3000099.0	2996142.0	17246.0	2328.0	2771.0	0.14	0.0	1.33	0.0	1.2	3241538.0	16.36	49627.0	0.25	0.0	4.94	0.07	0.0	0.0
s215-c26.2-5.000-HCMJNBBXX-l5	103.73	12880237.0	50.0	10136174.0	78.7	49.83	2054076.0	2040921.0	2037511.0	12622.0	1820.0	2123.0	0.14	0.0	1.37	0.0	1.2	2233330.0	17.34	31504.0	0.24	0.0	3.65	0.07	0.0	0.0
s168-c54.1-1.250-HCN2JBBXX-l6	33.88	26397826.0	50.0	20624467.0	78.13	49.83	4025212.0	3995699.0	3994277.0	23874.0	3345.0	3716.0	0.13	0.0	1.38	0.0	1.19	4580021.0	17.35	59793.0	0.23	0.0	4.21	0.08	0.0	0.0
s053-c7.2-1.250-HCHFWBBXX-l4	106.71	20512089.0	50.0	414472.0	2.02	49.82	66362.0	65620.0	65732.0	401.0	59.0	170.0	0.15	0.01	1.4	0.0	1.21	394779.0	1.92	4782.0	0.02	0.0	96.01	0.02	0.0	0.0
s089-c18-2.500-HCMJNBBXX-l2	21.28	13671004.0	50.0	10144395.0	74.2	49.92	2307540.0	2290826.0	2290591.0	13702.0	1719.0	1528.0	0.11	0.0	1.35	0.0	1.26	2786485.0	20.38	34842.0	0.25	0.0	5.1	0.06	0.0	0.0
s055-c7.2-5.000-HCHFWBBXX-l4	300.62	20125056.0	50.0	15582283.0	77.43	49.88	3321289.0	3301513.0	3295149.0	20909.0	2407.0	2824.0	0.12	0.0	1.31	0.0	1.2	3961685.0	19.69	48756.0	0.24	0.0	2.57	0.08	0.0	0.0
s227-c58.2-0.625-HFWGVBBXX-l3	76.17	38188542.0	50.0	32610185.0	85.39	49.83	5442453.0	5389331.0	5388164.0	42112.0	4869.0	7308.0	0.13	0.0	1.38	0.0	1.23	4542606.0	11.9	72305.0	0.19	0.0	2.4	0.13	0.0	0.0
s208-c14-1.250-HFWGVBBXX-l2	150.88	19362391.0	50.0	10830295.0	55.93	49.84	2093287.0	2079458.0	2077108.0	12440.0	1788.0	1951.0	0.12	0.01	1.35	0.0	1.18	3630354.0	18.75	45723.0	0.24	0.0	25.03	0.05	0.0	0.0
s094-c27-2.500-HFJYFBBXX-l2	29.54	20485974.0	50.0	15604700.0	76.17	49.9	3436709.0	3415897.0	3414132.0	17815.0	1982.0	2780.0	0.12	0.0	1.44	0.0	1.29	4061630.0	19.83	53825.0	0.26	0.0	3.67	0.07	0.0	0.0
s230-c58.2-5.000-HCMJNBBXX-l6	244.82	33255283.0	50.0	26634444.0	80.09	49.82	5581538.0	5547349.0	5536629.0	35338.0	3968.0	5603.0	0.13	0.0	1.27	0.0	1.2	5165515.0	15.53	69781.0	0.21	0.0	4.1	0.06	0.0	0.0
s061-c25.1-0.000-HCMNYBBXX-l2	143.63	2353953.0	50.0	2051532.0	87.15	49.87	357350.0	354609.0	354004.0	2652.0	307.0	387.0	0.13	0.0	1.4	0.0	1.24	257034.0	10.92	4552.0	0.19	0.0	1.6	0.14	0.0	0.0
s091-c27-0.000-HFJYFBBXX-l2	19.32	6656104.0	50.0	5582802.0	83.87	49.9	1074011.0	1066725.0	1065810.0	6407.0	827.0	967.0	0.1	0.0	1.53	0.0	1.32	915015.0	13.75	13048.0	0.2	0.0	2.08	0.1	0.0	0.0
s052-c7.2-0.625-HCMYYBBXX-l6	102.26	14145633.0	50.0	11929498.0	84.33	49.89	2072216.0	2051424.0	2051585.0	16167.0	1946.0	2518.0	0.1	0.0	1.47	0.0	1.31	1900775.0	13.44	34852.0	0.25	0.0	1.81	0.17	0.0	0.0
s108-c30-1.250-HCHFWBBXX-l6	123.06	20133727.0	50.0	15004826.0	74.53	49.88	3151441.0	3130811.0	3128179.0	18004.0	2643.0	2615.0	0.12	0.0	1.4	0.0	1.21	4114804.0	20.44	60935.0	0.3	0.0	4.67	0.06	0.0	0.0
s028-c70.1-1.250-HCHFWBBXX-l3	129.01	18993454.0	50.0	15218166.0	80.12	49.87	3014643.0	2994303.0	2992488.0	17306.0	2311.0	2538.0	0.14	0.0	1.34	0.0	1.2	3485022.0	18.35	51876.0	0.27	0.0	1.18	0.07	0.0	0.0
s174-c55.1-2.500-HCN2JBBXX-l6	72.83	72039699.0	50.0	51468172.0	71.44	49.84	10380603.0	10316257.0	10302183.0	61474.0	8482.0	8464.0	0.12	0.0	1.36	0.0	1.2	12249383.0	17.0	157014.0	0.22	0.0	11.28	0.06	0.0	0.0
s072-c11.1-0.625-HCMNYBBXX-l2	89.96	26764465.0	50.0	22127103.0	82.67	49.89	4097853.0	4054897.0	4058902.0	31477.0	3139.0	4335.0	0.12	0.0	1.44	0.0	1.31	3341546.0	12.49	52646.0	0.2	0.0	4.52	0.13	0.0	0.0
s003-c64-1.250-HCMYYBBXX-l4	137.95	24639673.0	50.0	19754859.0	80.18	49.89	3999612.0	3975098.0	3970936.0	21917.0	3242.0	3517.0	0.11	0.0	1.42	0.0	1.2	4530705.0	18.39	73437.0	0.3	0.0	1.07	0.07	0.0	0.0
s059-c32-2.500-HCHFWBBXX-l4	97.48	24504371.0	50.0	18530097.0	75.62	49.89	4234877.0	4212899.0	4206001.0	23099.0	2976.0	2801.0	0.12	0.0	1.41	0.0	1.29	5110696.0	20.86	62161.0	0.25	0.0	3.2	0.07	0.0	0.0
s116-c33.1-0.000-HCMNYBBXX-l3	13.45	20012160.0	50.0	17394019.0	86.92	49.84	3082300.0	3061703.0	3055152.0	21187.0	2781.0	3180.0	0.17	0.0	1.49	0.0	1.22	2179144.0	10.89	35965.0	0.18	0.0	1.9	0.11	0.0	0.0
s006-c41-0.000-HCMYYBBXX-l4	217.1	7296806.0	50.0	6349882.0	87.02	49.88	1130357.0	1123258.0	1120548.0	7519.0	1098.0	1192.0	0.1	0.0	1.49	0.0	1.23	844452.0	11.57	15367.0	0.21	0.0	1.08	0.11	0.0	0.0
s197-c72-0.625-HCMJNBBXX-l4	65.48	15005529.0	50.0	11122164.0	74.12	49.86	1853700.0	1834728.0	1837298.0	12715.0	1587.0	2100.0	0.14	0.0	1.38	0.0	1.21	2102521.0	14.01	33961.0	0.23	0.0	11.52	0.12	0.0	0.0
s126-c36-0.000-HCMJNBBXX-l3	198.19	18387466.0	50.0	15403185.0	83.77	49.86	2803130.0	2783932.0	2779763.0	17892.0	2673.0	2802.0	0.16	0.0	1.48	0.0	1.23	2262112.0	12.3	38270.0	0.21	0.0	3.61	0.11	0.0	0.0
s021-c21.1-0.000-HCHFWBBXX-l3	130.06	20990969.0	50.0	18138999.0	86.41	49.86	3221566.0	3198144.0	3191799.0	23711.0	2695.0	3361.0	0.14	0.0	1.42	0.0	1.2	2582453.0	12.3	37086.0	0.18	0.0	1.0	0.1	0.0	0.0
s074-c11.1-2.500-HCMNYBBXX-l2	190.55	25195359.0	50.0	81444.0	0.32	49.73	15077.0	14901.0	14942.0	94.0	10.0	31.0	0.24	0.01	1.36	0.0	1.09	106677.0	0.42	1172.0	0.0	0.0	99.25	0.0	0.0	0.0
s041-c15.1-0.000-HCMYYBBXX-l6	107.5	63393201.0	50.0	55144295.0	86.99	49.82	9861247.0	9789423.0	9772759.0	66783.0	9897.0	11808.0	0.12	0.0	1.49	0.0	1.21	7437221.0	11.73	121462.0	0.19	0.0	0.98	0.11	0.0	0.0
s172-c55.1-0.625-HCN2JBBXX-l6	37.64	10183944.0	50.0	8174954.0	80.27	49.83	1352406.0	1338370.0	1340132.0	9548.0	1177.0	1549.0	0.13	0.0	1.45	0.01	1.22	1296884.0	12.73	22448.0	0.22	0.0	6.64	0.14	0.0	0.0
s177-c56-0.625-HCN2JBBXX-l6	32.63	4422862.0	50.0	3635715.0	82.2	49.84	608577.0	602718.0	603051.0	4317.0	561.0	648.0	0.13	0.0	1.43	0.0	1.21	578629.0	13.08	10354.0	0.23	0.0	4.34	0.15	0.0	0.0
